INFO:     Started server process [19380]
INFO:     Waiting for application startup.
INFO:     Application startup complete.
INFO:     Uvicorn running on http://127.0.0.1:8000 (Press CTRL+C to quit)
INFO:     127.0.0.1:61150 - "GET /api/health HTTP/1.1" 200 OK
INFO:     127.0.0.1:63694 - "GET / HTTP/1.1" 200 OK
INFO:     127.0.0.1:63694 - "GET /assets/index-BiRwBDCN.js HTTP/1.1" 200 OK
INFO:     127.0.0.1:59937 - "GET /assets/index-MW0RoJNz.css HTTP/1.1" 200 OK
INFO:     127.0.0.1:63694 - "GET /api/health HTTP/1.1" 200 OK
INFO:     127.0.0.1:63694 - "GET /api/health HTTP/1.1" 200 OK
INFO:     127.0.0.1:59937 - "GET /api/auth/me HTTP/1.1" 200 OK
INFO:     127.0.0.1:59937 - "GET /api/auth/me HTTP/1.1" 200 OK
INFO:     127.0.0.1:59937 - "GET /api/auth/me HTTP/1.1" 200 OK
INFO:     127.0.0.1:59937 - "GET /assets/DashboardView-DszuefK8.js HTTP/1.1" 200 OK
INFO:     127.0.0.1:63694 - "GET /assets/stats-B1_Jyazg.js HTTP/1.1" 200 OK
INFO:     127.0.0.1:55272 - "GET /assets/tasks-DZ9lGmcM.js HTTP/1.1" 200 OK
INFO:     127.0.0.1:63753 - "GET /api/settings HTTP/1.1" 200 OK
INFO:     127.0.0.1:50294 - "GET /assets/reviews-DLOg80-V.js HTTP/1.1" 200 OK
INFO:     127.0.0.1:49231 - "GET /assets/math-CnLqCkfb.js HTTP/1.1" 200 OK
INFO:     127.0.0.1:63753 - "GET /favicon.ico HTTP/1.1" 200 OK
INFO:     127.0.0.1:59937 - "GET /api/stats/today HTTP/1.1" 500 Internal Server Error
ERROR:    Exception in ASGI application
Traceback (most recent call last):
  File "E:\agent专用\study-dashboard\backend\.venv\Lib\site-packages\sqlalchemy\engine\base.py", line 1969, in _exec_single_context
    self.dialect.do_execute(
  File "E:\agent专用\study-dashboard\backend\.venv\Lib\site-packages\sqlalchemy\engine\default.py", line 952, in do_execute
    cursor.execute(statement, parameters)
sqlite3.OperationalError: no such column: tasks.habit_days

The above exception was the direct cause of the following exception:

Traceback (most recent call last):
  File "E:\agent专用\study-dashboard\backend\.venv\Lib\site-packages\uvicorn\protocols\http\httptools_impl.py", line 422, in run_asgi
    result = await app(  # type: ignore[func-returns-value]
             ^^^^^^^^^^^^^^^^^^^^^^^^^^^^^^^^^^^^^^^^^^^^^^
  File "E:\agent专用\study-dashboard\backend\.venv\Lib\site-packages\uvicorn\middleware\proxy_headers.py", line 63, in __call__
    return await self.app(scope, receive, send)
           ^^^^^^^^^^^^^^^^^^^^^^^^^^^^^^^^^^^^
  File "E:\agent专用\study-dashboard\backend\.venv\Lib\site-packages\fastapi\applications.py", line 1163, in __call__
    await super().__call__(scope, receive, send)
  File "E:\agent专用\study-dashboard\backend\.venv\Lib\site-packages\starlette\applications.py", line 96, in __call__
    await self.middleware_stack(scope, receive, send)
  File "E:\agent专用\study-dashboard\backend\.venv\Lib\site-packages\starlette\middleware\errors.py", line 186, in __call__
    raise exc
  File "E:\agent专用\study-dashboard\backend\.venv\Lib\site-packages\starlette\middleware\errors.py", line 164, in __call__
    await self.app(scope, receive, _send)
  File "E:\agent专用\study-dashboard\backend\.venv\Lib\site-packages\starlette\middleware\cors.py", line 88, in __call__
    await self.app(scope, receive, send)
  File "E:\agent专用\study-dashboard\backend\.venv\Lib\site-packages\starlette\middleware\exceptions.py", line 63, in __call__
    await wrap_app_handling_exceptions(self.app, conn)(scope, receive, send)
  File "E:\agent专用\study-dashboard\backend\.venv\Lib\site-packages\starlette\_exception_handler.py", line 53, in wrapped_app
    raise exc
  File "E:\agent专用\study-dashboard\backend\.venv\Lib\site-packages\starlette\_exception_handler.py", line 42, in wrapped_app
    await app(scope, receive, sender)
  File "E:\agent专用\study-dashboard\backend\.venv\Lib\site-packages\fastapi\middleware\asyncexitstack.py", line 18, in __call__
    await self.app(scope, receive, send)
  File "E:\agent专用\study-dashboard\backend\.venv\Lib\site-packages\starlette\routing.py", line 670, in __call__
    await self.middleware_stack(scope, receive, send)
  File "E:\agent专用\study-dashboard\backend\.venv\Lib\site-packages\fastapi\routing.py", line 2734, in app
    await route.handle(scope, receive, send)
  File "E:\agent专用\study-dashboard\backend\.venv\Lib\site-packages\fastapi\routing.py", line 1780, in handle
    await self.original_router.handle(scope, receive, send)
  File "E:\agent专用\study-dashboard\backend\.venv\Lib\site-packages\fastapi\routing.py", line 2789, in handle
    await included_router._handle_selected(scope, receive, send)
  File "E:\agent专用\study-dashboard\backend\.venv\Lib\site-packages\fastapi\routing.py", line 1800, in _handle_selected
    await original_route.handle(scope, receive, send)
  File "E:\agent专用\study-dashboard\backend\.venv\Lib\site-packages\fastapi\routing.py", line 1279, in handle
    await app(scope, receive, send)
  File "E:\agent专用\study-dashboard\backend\.venv\Lib\site-packages\fastapi\routing.py", line 158, in app
    await wrap_app_handling_exceptions(app, request)(scope, receive, send)
  File "E:\agent专用\study-dashboard\backend\.venv\Lib\site-packages\starlette\_exception_handler.py", line 53, in wrapped_app
    raise exc
  File "E:\agent专用\study-dashboard\backend\.venv\Lib\site-packages\starlette\_exception_handler.py", line 42, in wrapped_app
    await app(scope, receive, sender)
  File "E:\agent专用\study-dashboard\backend\.venv\Lib\site-packages\fastapi\routing.py", line 144, in app
    response = await f(request)
               ^^^^^^^^^^^^^^^^
  File "E:\agent专用\study-dashboard\backend\.venv\Lib\site-packages\fastapi\routing.py", line 706, in app
    raw_response = await run_endpoint_function(
                   ^^^^^^^^^^^^^^^^^^^^^^^^^^^^
  File "E:\agent专用\study-dashboard\backend\.venv\Lib\site-packages\fastapi\routing.py", line 354, in run_endpoint_function
    return await run_in_threadpool(dependant.call, **values)
           ^^^^^^^^^^^^^^^^^^^^^^^^^^^^^^^^^^^^^^^^^^^^^^^^^
  File "E:\agent专用\study-dashboard\backend\.venv\Lib\site-packages\starlette\concurrency.py", line 34, in run_in_threadpool
    return await anyio.to_thread.run_sync(func)
           ^^^^^^^^^^^^^^^^^^^^^^^^^^^^^^^^^^^^
  File "E:\agent专用\study-dashboard\backend\.venv\Lib\site-packages\anyio\to_thread.py", line 65, in run_sync
    return await get_async_backend().run_sync_in_worker_thread(
           ^^^^^^^^^^^^^^^^^^^^^^^^^^^^^^^^^^^^^^^^^^^^^^^^^^^^
  File "E:\agent专用\study-dashboard\backend\.venv\Lib\site-packages\anyio\_backends\_asyncio.py", line 2641, in run_sync_in_worker_thread
    return await future
           ^^^^^^^^^^^^
  File "E:\agent专用\study-dashboard\backend\.venv\Lib\site-packages\anyio\_backends\_asyncio.py", line 1033, in run
    result = context.run(func, *args)
             ^^^^^^^^^^^^^^^^^^^^^^^^
  File "E:\agent专用\study-dashboard\backend\app\routers\stats.py", line 36, in today_stats
    tasks_done = db.scalars(
                 ^^^^^^^^^^^
  File "E:\agent专用\study-dashboard\backend\.venv\Lib\site-packages\sqlalchemy\orm\session.py", line 2481, in scalars
    return self._execute_internal(
           ^^^^^^^^^^^^^^^^^^^^^^^
  File "E:\agent专用\study-dashboard\backend\.venv\Lib\site-packages\sqlalchemy\orm\session.py", line 2271, in _execute_internal
    result: Result[Any] = compile_state_cls.orm_execute_statement(
                          ^^^^^^^^^^^^^^^^^^^^^^^^^^^^^^^^^^^^^^^^
  File "E:\agent专用\study-dashboard\backend\.venv\Lib\site-packages\sqlalchemy\orm\context.py", line 306, in orm_execute_statement
    result = conn.execute(
             ^^^^^^^^^^^^^
  File "E:\agent专用\study-dashboard\backend\.venv\Lib\site-packages\sqlalchemy\engine\base.py", line 1421, in execute
    return meth(
           ^^^^^
  File "E:\agent专用\study-dashboard\backend\.venv\Lib\site-packages\sqlalchemy\sql\elements.py", line 526, in _execute_on_connection
    return connection._execute_clauseelement(
           ^^^^^^^^^^^^^^^^^^^^^^^^^^^^^^^^^^
  File "E:\agent专用\study-dashboard\backend\.venv\Lib\site-packages\sqlalchemy\engine\base.py", line 1643, in _execute_clauseelement
    ret = self._execute_context(
          ^^^^^^^^^^^^^^^^^^^^^^
  File "E:\agent专用\study-dashboard\backend\.venv\Lib\site-packages\sqlalchemy\engine\base.py", line 1848, in _execute_context
    return self._exec_single_context(
           ^^^^^^^^^^^^^^^^^^^^^^^^^^
  File "E:\agent专用\study-dashboard\backend\.venv\Lib\site-packages\sqlalchemy\engine\base.py", line 1988, in _exec_single_context
    self._handle_dbapi_exception(
  File "E:\agent专用\study-dashboard\backend\.venv\Lib\site-packages\sqlalchemy\engine\base.py", line 2365, in _handle_dbapi_exception
    raise sqlalchemy_exception.with_traceback(exc_info[2]) from e
  File "E:\agent专用\study-dashboard\backend\.venv\Lib\site-packages\sqlalchemy\engine\base.py", line 1969, in _exec_single_context
    self.dialect.do_execute(
  File "E:\agent专用\study-dashboard\backend\.venv\Lib\site-packages\sqlalchemy\engine\default.py", line 952, in do_execute
    cursor.execute(statement, parameters)
sqlalchemy.exc.OperationalError: (sqlite3.OperationalError) no such column: tasks.habit_days
[SQL: SELECT tasks.id, tasks.user_id, tasks.plan_id, tasks.title, tasks.subject, tasks.estimated_minutes, tasks.status, tasks.is_habit, tasks.habit_frequency, tasks.habit_days, tasks.created_at, tasks.completed_at 
FROM tasks 
WHERE tasks.user_id = ? AND tasks.status = ? AND tasks.completed_at >= ? AND tasks.completed_at <= ?]
[parameters: (3, 'done', '2026-08-19 00:00:00.000000', '2026-08-19 23:59:59.999999')]
(Background on this error at: https://sqlalche.me/e/20/e3q8)
INFO:     127.0.0.1:63753 - "GET /api/reviews?status=due HTTP/1.1" 200 OK
INFO:     127.0.0.1:50294 - "GET /api/stats/heatmap?days=105 HTTP/1.1" 200 OK
INFO:     127.0.0.1:55272 - "GET /api/stats/trend?days=7 HTTP/1.1" 200 OK
INFO:     127.0.0.1:63694 - "GET /api/tasks HTTP/1.1" 500 Internal Server Error
ERROR:    Exception in ASGI application
Traceback (most recent call last):
  File "E:\agent专用\study-dashboard\backend\.venv\Lib\site-packages\sqlalchemy\engine\base.py", line 1969, in _exec_single_context
    self.dialect.do_execute(
  File "E:\agent专用\study-dashboard\backend\.venv\Lib\site-packages\sqlalchemy\engine\default.py", line 952, in do_execute
    cursor.execute(statement, parameters)
sqlite3.OperationalError: no such column: tasks.habit_days

The above exception was the direct cause of the following exception:

Traceback (most recent call last):
  File "E:\agent专用\study-dashboard\backend\.venv\Lib\site-packages\uvicorn\protocols\http\httptools_impl.py", line 422, in run_asgi
    result = await app(  # type: ignore[func-returns-value]
             ^^^^^^^^^^^^^^^^^^^^^^^^^^^^^^^^^^^^^^^^^^^^^^
  File "E:\agent专用\study-dashboard\backend\.venv\Lib\site-packages\uvicorn\middleware\proxy_headers.py", line 63, in __call__
    return await self.app(scope, receive, send)
           ^^^^^^^^^^^^^^^^^^^^^^^^^^^^^^^^^^^^
  File "E:\agent专用\study-dashboard\backend\.venv\Lib\site-packages\fastapi\applications.py", line 1163, in __call__
    await super().__call__(scope, receive, send)
  File "E:\agent专用\study-dashboard\backend\.venv\Lib\site-packages\starlette\applications.py", line 96, in __call__
    await self.middleware_stack(scope, receive, send)
  File "E:\agent专用\study-dashboard\backend\.venv\Lib\site-packages\starlette\middleware\errors.py", line 186, in __call__
    raise exc
  File "E:\agent专用\study-dashboard\backend\.venv\Lib\site-packages\starlette\middleware\errors.py", line 164, in __call__
    await self.app(scope, receive, _send)
  File "E:\agent专用\study-dashboard\backend\.venv\Lib\site-packages\starlette\middleware\cors.py", line 88, in __call__
    await self.app(scope, receive, send)
  File "E:\agent专用\study-dashboard\backend\.venv\Lib\site-packages\starlette\middleware\exceptions.py", line 63, in __call__
    await wrap_app_handling_exceptions(self.app, conn)(scope, receive, send)
  File "E:\agent专用\study-dashboard\backend\.venv\Lib\site-packages\starlette\_exception_handler.py", line 53, in wrapped_app
    raise exc
  File "E:\agent专用\study-dashboard\backend\.venv\Lib\site-packages\starlette\_exception_handler.py", line 42, in wrapped_app
    await app(scope, receive, sender)
  File "E:\agent专用\study-dashboard\backend\.venv\Lib\site-packages\fastapi\middleware\asyncexitstack.py", line 18, in __call__
    await self.app(scope, receive, send)
  File "E:\agent专用\study-dashboard\backend\.venv\Lib\site-packages\starlette\routing.py", line 670, in __call__
    await self.middleware_stack(scope, receive, send)
  File "E:\agent专用\study-dashboard\backend\.venv\Lib\site-packages\fastapi\routing.py", line 2734, in app
    await route.handle(scope, receive, send)
  File "E:\agent专用\study-dashboard\backend\.venv\Lib\site-packages\fastapi\routing.py", line 1780, in handle
    await self.original_router.handle(scope, receive, send)
  File "E:\agent专用\study-dashboard\backend\.venv\Lib\site-packages\fastapi\routing.py", line 2789, in handle
    await included_router._handle_selected(scope, receive, send)
  File "E:\agent专用\study-dashboard\backend\.venv\Lib\site-packages\fastapi\routing.py", line 1800, in _handle_selected
    await original_route.handle(scope, receive, send)
  File "E:\agent专用\study-dashboard\backend\.venv\Lib\site-packages\fastapi\routing.py", line 1279, in handle
    await app(scope, receive, send)
  File "E:\agent专用\study-dashboard\backend\.venv\Lib\site-packages\fastapi\routing.py", line 158, in app
    await wrap_app_handling_exceptions(app, request)(scope, receive, send)
  File "E:\agent专用\study-dashboard\backend\.venv\Lib\site-packages\starlette\_exception_handler.py", line 53, in wrapped_app
    raise exc
  File "E:\agent专用\study-dashboard\backend\.venv\Lib\site-packages\starlette\_exception_handler.py", line 42, in wrapped_app
    await app(scope, receive, sender)
  File "E:\agent专用\study-dashboard\backend\.venv\Lib\site-packages\fastapi\routing.py", line 144, in app
    response = await f(request)
               ^^^^^^^^^^^^^^^^
  File "E:\agent专用\study-dashboard\backend\.venv\Lib\site-packages\fastapi\routing.py", line 706, in app
    raw_response = await run_endpoint_function(
                   ^^^^^^^^^^^^^^^^^^^^^^^^^^^^
  File "E:\agent专用\study-dashboard\backend\.venv\Lib\site-packages\fastapi\routing.py", line 354, in run_endpoint_function
    return await run_in_threadpool(dependant.call, **values)
           ^^^^^^^^^^^^^^^^^^^^^^^^^^^^^^^^^^^^^^^^^^^^^^^^^
  File "E:\agent专用\study-dashboard\backend\.venv\Lib\site-packages\starlette\concurrency.py", line 34, in run_in_threadpool
    return await anyio.to_thread.run_sync(func)
           ^^^^^^^^^^^^^^^^^^^^^^^^^^^^^^^^^^^^
  File "E:\agent专用\study-dashboard\backend\.venv\Lib\site-packages\anyio\to_thread.py", line 65, in run_sync
    return await get_async_backend().run_sync_in_worker_thread(
           ^^^^^^^^^^^^^^^^^^^^^^^^^^^^^^^^^^^^^^^^^^^^^^^^^^^^
  File "E:\agent专用\study-dashboard\backend\.venv\Lib\site-packages\anyio\_backends\_asyncio.py", line 2641, in run_sync_in_worker_thread
    return await future
           ^^^^^^^^^^^^
  File "E:\agent专用\study-dashboard\backend\.venv\Lib\site-packages\anyio\_backends\_asyncio.py", line 1033, in run
    result = context.run(func, *args)
             ^^^^^^^^^^^^^^^^^^^^^^^^
  File "E:\agent专用\study-dashboard\backend\app\routers\tasks.py", line 81, in list_tasks
    return db.scalars(statement.order_by(Task.created_at.desc())).all()
           ^^^^^^^^^^^^^^^^^^^^^^^^^^^^^^^^^^^^^^^^^^^^^^^^^^^^^^
  File "E:\agent专用\study-dashboard\backend\.venv\Lib\site-packages\sqlalchemy\orm\session.py", line 2481, in scalars
    return self._execute_internal(
           ^^^^^^^^^^^^^^^^^^^^^^^
  File "E:\agent专用\study-dashboard\backend\.venv\Lib\site-packages\sqlalchemy\orm\session.py", line 2271, in _execute_internal
    result: Result[Any] = compile_state_cls.orm_execute_statement(
                          ^^^^^^^^^^^^^^^^^^^^^^^^^^^^^^^^^^^^^^^^
  File "E:\agent专用\study-dashboard\backend\.venv\Lib\site-packages\sqlalchemy\orm\context.py", line 306, in orm_execute_statement
    result = conn.execute(
             ^^^^^^^^^^^^^
  File "E:\agent专用\study-dashboard\backend\.venv\Lib\site-packages\sqlalchemy\engine\base.py", line 1421, in execute
    return meth(
           ^^^^^
  File "E:\agent专用\study-dashboard\backend\.venv\Lib\site-packages\sqlalchemy\sql\elements.py", line 526, in _execute_on_connection
    return connection._execute_clauseelement(
           ^^^^^^^^^^^^^^^^^^^^^^^^^^^^^^^^^^
  File "E:\agent专用\study-dashboard\backend\.venv\Lib\site-packages\sqlalchemy\engine\base.py", line 1643, in _execute_clauseelement
    ret = self._execute_context(
          ^^^^^^^^^^^^^^^^^^^^^^
  File "E:\agent专用\study-dashboard\backend\.venv\Lib\site-packages\sqlalchemy\engine\base.py", line 1848, in _execute_context
    return self._exec_single_context(
           ^^^^^^^^^^^^^^^^^^^^^^^^^^
  File "E:\agent专用\study-dashboard\backend\.venv\Lib\site-packages\sqlalchemy\engine\base.py", line 1988, in _exec_single_context
    self._handle_dbapi_exception(
  File "E:\agent专用\study-dashboard\backend\.venv\Lib\site-packages\sqlalchemy\engine\base.py", line 2365, in _handle_dbapi_exception
    raise sqlalchemy_exception.with_traceback(exc_info[2]) from e
  File "E:\agent专用\study-dashboard\backend\.venv\Lib\site-packages\sqlalchemy\engine\base.py", line 1969, in _exec_single_context
    self.dialect.do_execute(
  File "E:\agent专用\study-dashboard\backend\.venv\Lib\site-packages\sqlalchemy\engine\default.py", line 952, in do_execute
    cursor.execute(statement, parameters)
sqlalchemy.exc.OperationalError: (sqlite3.OperationalError) no such column: tasks.habit_days
[SQL: SELECT tasks.id, tasks.user_id, tasks.plan_id, tasks.title, tasks.subject, tasks.estimated_minutes, tasks.status, tasks.is_habit, tasks.habit_frequency, tasks.habit_days, tasks.created_at, tasks.completed_at 
FROM tasks 
WHERE tasks.user_id = ? ORDER BY tasks.created_at DESC]
[parameters: (3,)]
(Background on this error at: https://sqlalche.me/e/20/e3q8)
INFO:     127.0.0.1:49231 - "GET /api/stats/streak HTTP/1.1" 200 OK
INFO:     127.0.0.1:60521 - "GET /api/habits HTTP/1.1" 500 Internal Server Error
ERROR:    Exception in ASGI application
Traceback (most recent call last):
  File "E:\agent专用\study-dashboard\backend\.venv\Lib\site-packages\sqlalchemy\engine\base.py", line 1969, in _exec_single_context
    self.dialect.do_execute(
  File "E:\agent专用\study-dashboard\backend\.venv\Lib\site-packages\sqlalchemy\engine\default.py", line 952, in do_execute
    cursor.execute(statement, parameters)
sqlite3.OperationalError: no such column: tasks.habit_days

The above exception was the direct cause of the following exception:

Traceback (most recent call last):
  File "E:\agent专用\study-dashboard\backend\.venv\Lib\site-packages\uvicorn\protocols\http\httptools_impl.py", line 422, in run_asgi
    result = await app(  # type: ignore[func-returns-value]
             ^^^^^^^^^^^^^^^^^^^^^^^^^^^^^^^^^^^^^^^^^^^^^^
  File "E:\agent专用\study-dashboard\backend\.venv\Lib\site-packages\uvicorn\middleware\proxy_headers.py", line 63, in __call__
    return await self.app(scope, receive, send)
           ^^^^^^^^^^^^^^^^^^^^^^^^^^^^^^^^^^^^
  File "E:\agent专用\study-dashboard\backend\.venv\Lib\site-packages\fastapi\applications.py", line 1163, in __call__
    await super().__call__(scope, receive, send)
  File "E:\agent专用\study-dashboard\backend\.venv\Lib\site-packages\starlette\applications.py", line 96, in __call__
    await self.middleware_stack(scope, receive, send)
  File "E:\agent专用\study-dashboard\backend\.venv\Lib\site-packages\starlette\middleware\errors.py", line 186, in __call__
    raise exc
  File "E:\agent专用\study-dashboard\backend\.venv\Lib\site-packages\starlette\middleware\errors.py", line 164, in __call__
    await self.app(scope, receive, _send)
  File "E:\agent专用\study-dashboard\backend\.venv\Lib\site-packages\starlette\middleware\cors.py", line 88, in __call__
    await self.app(scope, receive, send)
  File "E:\agent专用\study-dashboard\backend\.venv\Lib\site-packages\starlette\middleware\exceptions.py", line 63, in __call__
    await wrap_app_handling_exceptions(self.app, conn)(scope, receive, send)
  File "E:\agent专用\study-dashboard\backend\.venv\Lib\site-packages\starlette\_exception_handler.py", line 53, in wrapped_app
    raise exc
  File "E:\agent专用\study-dashboard\backend\.venv\Lib\site-packages\starlette\_exception_handler.py", line 42, in wrapped_app
    await app(scope, receive, sender)
  File "E:\agent专用\study-dashboard\backend\.venv\Lib\site-packages\fastapi\middleware\asyncexitstack.py", line 18, in __call__
    await self.app(scope, receive, send)
  File "E:\agent专用\study-dashboard\backend\.venv\Lib\site-packages\starlette\routing.py", line 670, in __call__
    await self.middleware_stack(scope, receive, send)
  File "E:\agent专用\study-dashboard\backend\.venv\Lib\site-packages\fastapi\routing.py", line 2734, in app
    await route.handle(scope, receive, send)
  File "E:\agent专用\study-dashboard\backend\.venv\Lib\site-packages\fastapi\routing.py", line 1780, in handle
    await self.original_router.handle(scope, receive, send)
  File "E:\agent专用\study-dashboard\backend\.venv\Lib\site-packages\fastapi\routing.py", line 2789, in handle
    await included_router._handle_selected(scope, receive, send)
  File "E:\agent专用\study-dashboard\backend\.venv\Lib\site-packages\fastapi\routing.py", line 1800, in _handle_selected
    await original_route.handle(scope, receive, send)
  File "E:\agent专用\study-dashboard\backend\.venv\Lib\site-packages\fastapi\routing.py", line 1279, in handle
    await app(scope, receive, send)
  File "E:\agent专用\study-dashboard\backend\.venv\Lib\site-packages\fastapi\routing.py", line 158, in app
    await wrap_app_handling_exceptions(app, request)(scope, receive, send)
  File "E:\agent专用\study-dashboard\backend\.venv\Lib\site-packages\starlette\_exception_handler.py", line 53, in wrapped_app
    raise exc
  File "E:\agent专用\study-dashboard\backend\.venv\Lib\site-packages\starlette\_exception_handler.py", line 42, in wrapped_app
    await app(scope, receive, sender)
  File "E:\agent专用\study-dashboard\backend\.venv\Lib\site-packages\fastapi\routing.py", line 144, in app
    response = await f(request)
               ^^^^^^^^^^^^^^^^
  File "E:\agent专用\study-dashboard\backend\.venv\Lib\site-packages\fastapi\routing.py", line 706, in app
    raw_response = await run_endpoint_function(
                   ^^^^^^^^^^^^^^^^^^^^^^^^^^^^
  File "E:\agent专用\study-dashboard\backend\.venv\Lib\site-packages\fastapi\routing.py", line 354, in run_endpoint_function
    return await run_in_threadpool(dependant.call, **values)
           ^^^^^^^^^^^^^^^^^^^^^^^^^^^^^^^^^^^^^^^^^^^^^^^^^
  File "E:\agent专用\study-dashboard\backend\.venv\Lib\site-packages\starlette\concurrency.py", line 34, in run_in_threadpool
    return await anyio.to_thread.run_sync(func)
           ^^^^^^^^^^^^^^^^^^^^^^^^^^^^^^^^^^^^
  File "E:\agent专用\study-dashboard\backend\.venv\Lib\site-packages\anyio\to_thread.py", line 65, in run_sync
    return await get_async_backend().run_sync_in_worker_thread(
           ^^^^^^^^^^^^^^^^^^^^^^^^^^^^^^^^^^^^^^^^^^^^^^^^^^^^
  File "E:\agent专用\study-dashboard\backend\.venv\Lib\site-packages\anyio\_backends\_asyncio.py", line 2641, in run_sync_in_worker_thread
    return await future
           ^^^^^^^^^^^^
  File "E:\agent专用\study-dashboard\backend\.venv\Lib\site-packages\anyio\_backends\_asyncio.py", line 1033, in run
    result = context.run(func, *args)
             ^^^^^^^^^^^^^^^^^^^^^^^^
  File "E:\agent专用\study-dashboard\backend\app\routers\habits.py", line 85, in list_habits
    tasks = db.scalars(
            ^^^^^^^^^^^
  File "E:\agent专用\study-dashboard\backend\.venv\Lib\site-packages\sqlalchemy\orm\session.py", line 2481, in scalars
    return self._execute_internal(
           ^^^^^^^^^^^^^^^^^^^^^^^
  File "E:\agent专用\study-dashboard\backend\.venv\Lib\site-packages\sqlalchemy\orm\session.py", line 2271, in _execute_internal
    result: Result[Any] = compile_state_cls.orm_execute_statement(
                          ^^^^^^^^^^^^^^^^^^^^^^^^^^^^^^^^^^^^^^^^
  File "E:\agent专用\study-dashboard\backend\.venv\Lib\site-packages\sqlalchemy\orm\context.py", line 306, in orm_execute_statement
    result = conn.execute(
             ^^^^^^^^^^^^^
  File "E:\agent专用\study-dashboard\backend\.venv\Lib\site-packages\sqlalchemy\engine\base.py", line 1421, in execute
    return meth(
           ^^^^^
  File "E:\agent专用\study-dashboard\backend\.venv\Lib\site-packages\sqlalchemy\sql\elements.py", line 526, in _execute_on_connection
    return connection._execute_clauseelement(
           ^^^^^^^^^^^^^^^^^^^^^^^^^^^^^^^^^^
  File "E:\agent专用\study-dashboard\backend\.venv\Lib\site-packages\sqlalchemy\engine\base.py", line 1643, in _execute_clauseelement
    ret = self._execute_context(
          ^^^^^^^^^^^^^^^^^^^^^^
  File "E:\agent专用\study-dashboard\backend\.venv\Lib\site-packages\sqlalchemy\engine\base.py", line 1848, in _execute_context
    return self._exec_single_context(
           ^^^^^^^^^^^^^^^^^^^^^^^^^^
  File "E:\agent专用\study-dashboard\backend\.venv\Lib\site-packages\sqlalchemy\engine\base.py", line 1988, in _exec_single_context
    self._handle_dbapi_exception(
  File "E:\agent专用\study-dashboard\backend\.venv\Lib\site-packages\sqlalchemy\engine\base.py", line 2365, in _handle_dbapi_exception
    raise sqlalchemy_exception.with_traceback(exc_info[2]) from e
  File "E:\agent专用\study-dashboard\backend\.venv\Lib\site-packages\sqlalchemy\engine\base.py", line 1969, in _exec_single_context
    self.dialect.do_execute(
  File "E:\agent专用\study-dashboard\backend\.venv\Lib\site-packages\sqlalchemy\engine\default.py", line 952, in do_execute
    cursor.execute(statement, parameters)
sqlalchemy.exc.OperationalError: (sqlite3.OperationalError) no such column: tasks.habit_days
[SQL: SELECT tasks.id, tasks.user_id, tasks.plan_id, tasks.title, tasks.subject, tasks.estimated_minutes, tasks.status, tasks.is_habit, tasks.habit_frequency, tasks.habit_days, tasks.created_at, tasks.completed_at 
FROM tasks 
WHERE tasks.user_id = ? AND tasks.is_habit IS 1 ORDER BY tasks.created_at DESC]
[parameters: (3,)]
(Background on this error at: https://sqlalche.me/e/20/e3q8)
INFO:     127.0.0.1:63753 - "GET /api/math/tree HTTP/1.1" 200 OK
INFO:     127.0.0.1:49683 - "GET /assets/PomodoroView-CPidto16.js HTTP/1.1" 200 OK
INFO:     127.0.0.1:49683 - "GET /api/health HTTP/1.1" 200 OK
INFO:     127.0.0.1:49683 - "GET /assets/TasksView-B6RYpmoY.js HTTP/1.1" 200 OK
INFO:     127.0.0.1:49227 - "GET /assets/TasksView-Dz-BspU-.css HTTP/1.1" 200 OK
INFO:     127.0.0.1:61602 - "GET /assets/_plugin-vue_export-helper-DlAUqK2U.js HTTP/1.1" 200 OK
INFO:     127.0.0.1:64549 - "GET /assets/plans-DHjUlqKI.js HTTP/1.1" 200 OK
INFO:     127.0.0.1:49683 - "GET /api/plans HTTP/1.1" 200 OK
INFO:     127.0.0.1:64549 - "GET /api/habits HTTP/1.1" 500 Internal Server Error
ERROR:    Exception in ASGI application
Traceback (most recent call last):
  File "E:\agent专用\study-dashboard\backend\.venv\Lib\site-packages\sqlalchemy\engine\base.py", line 1969, in _exec_single_context
    self.dialect.do_execute(
  File "E:\agent专用\study-dashboard\backend\.venv\Lib\site-packages\sqlalchemy\engine\default.py", line 952, in do_execute
    cursor.execute(statement, parameters)
sqlite3.OperationalError: no such column: tasks.habit_days

The above exception was the direct cause of the following exception:

Traceback (most recent call last):
  File "E:\agent专用\study-dashboard\backend\.venv\Lib\site-packages\uvicorn\protocols\http\httptools_impl.py", line 422, in run_asgi
    result = await app(  # type: ignore[func-returns-value]
             ^^^^^^^^^^^^^^^^^^^^^^^^^^^^^^^^^^^^^^^^^^^^^^
  File "E:\agent专用\study-dashboard\backend\.venv\Lib\site-packages\uvicorn\middleware\proxy_headers.py", line 63, in __call__
    return await self.app(scope, receive, send)
           ^^^^^^^^^^^^^^^^^^^^^^^^^^^^^^^^^^^^
  File "E:\agent专用\study-dashboard\backend\.venv\Lib\site-packages\fastapi\applications.py", line 1163, in __call__
    await super().__call__(scope, receive, send)
  File "E:\agent专用\study-dashboard\backend\.venv\Lib\site-packages\starlette\applications.py", line 96, in __call__
    await self.middleware_stack(scope, receive, send)
  File "E:\agent专用\study-dashboard\backend\.venv\Lib\site-packages\starlette\middleware\errors.py", line 186, in __call__
    raise exc
  File "E:\agent专用\study-dashboard\backend\.venv\Lib\site-packages\starlette\middleware\errors.py", line 164, in __call__
    await self.app(scope, receive, _send)
  File "E:\agent专用\study-dashboard\backend\.venv\Lib\site-packages\starlette\middleware\cors.py", line 88, in __call__
    await self.app(scope, receive, send)
  File "E:\agent专用\study-dashboard\backend\.venv\Lib\site-packages\starlette\middleware\exceptions.py", line 63, in __call__
    await wrap_app_handling_exceptions(self.app, conn)(scope, receive, send)
  File "E:\agent专用\study-dashboard\backend\.venv\Lib\site-packages\starlette\_exception_handler.py", line 53, in wrapped_app
    raise exc
  File "E:\agent专用\study-dashboard\backend\.venv\Lib\site-packages\starlette\_exception_handler.py", line 42, in wrapped_app
    await app(scope, receive, sender)
  File "E:\agent专用\study-dashboard\backend\.venv\Lib\site-packages\fastapi\middleware\asyncexitstack.py", line 18, in __call__
    await self.app(scope, receive, send)
  File "E:\agent专用\study-dashboard\backend\.venv\Lib\site-packages\starlette\routing.py", line 670, in __call__
    await self.middleware_stack(scope, receive, send)
  File "E:\agent专用\study-dashboard\backend\.venv\Lib\site-packages\fastapi\routing.py", line 2734, in app
    await route.handle(scope, receive, send)
  File "E:\agent专用\study-dashboard\backend\.venv\Lib\site-packages\fastapi\routing.py", line 1780, in handle
    await self.original_router.handle(scope, receive, send)
  File "E:\agent专用\study-dashboard\backend\.venv\Lib\site-packages\fastapi\routing.py", line 2789, in handle
    await included_router._handle_selected(scope, receive, send)
  File "E:\agent专用\study-dashboard\backend\.venv\Lib\site-packages\fastapi\routing.py", line 1800, in _handle_selected
    await original_route.handle(scope, receive, send)
  File "E:\agent专用\study-dashboard\backend\.venv\Lib\site-packages\fastapi\routing.py", line 1279, in handle
    await app(scope, receive, send)
  File "E:\agent专用\study-dashboard\backend\.venv\Lib\site-packages\fastapi\routing.py", line 158, in app
    await wrap_app_handling_exceptions(app, request)(scope, receive, send)
  File "E:\agent专用\study-dashboard\backend\.venv\Lib\site-packages\starlette\_exception_handler.py", line 53, in wrapped_app
    raise exc
  File "E:\agent专用\study-dashboard\backend\.venv\Lib\site-packages\starlette\_exception_handler.py", line 42, in wrapped_app
    await app(scope, receive, sender)
  File "E:\agent专用\study-dashboard\backend\.venv\Lib\site-packages\fastapi\routing.py", line 144, in app
    response = await f(request)
               ^^^^^^^^^^^^^^^^
  File "E:\agent专用\study-dashboard\backend\.venv\Lib\site-packages\fastapi\routing.py", line 706, in app
    raw_response = await run_endpoint_function(
                   ^^^^^^^^^^^^^^^^^^^^^^^^^^^^
  File "E:\agent专用\study-dashboard\backend\.venv\Lib\site-packages\fastapi\routing.py", line 354, in run_endpoint_function
    return await run_in_threadpool(dependant.call, **values)
           ^^^^^^^^^^^^^^^^^^^^^^^^^^^^^^^^^^^^^^^^^^^^^^^^^
  File "E:\agent专用\study-dashboard\backend\.venv\Lib\site-packages\starlette\concurrency.py", line 34, in run_in_threadpool
    return await anyio.to_thread.run_sync(func)
           ^^^^^^^^^^^^^^^^^^^^^^^^^^^^^^^^^^^^
  File "E:\agent专用\study-dashboard\backend\.venv\Lib\site-packages\anyio\to_thread.py", line 65, in run_sync
    return await get_async_backend().run_sync_in_worker_thread(
           ^^^^^^^^^^^^^^^^^^^^^^^^^^^^^^^^^^^^^^^^^^^^^^^^^^^^
  File "E:\agent专用\study-dashboard\backend\.venv\Lib\site-packages\anyio\_backends\_asyncio.py", line 2641, in run_sync_in_worker_thread
    return await future
           ^^^^^^^^^^^^
  File "E:\agent专用\study-dashboard\backend\.venv\Lib\site-packages\anyio\_backends\_asyncio.py", line 1033, in run
    result = context.run(func, *args)
             ^^^^^^^^^^^^^^^^^^^^^^^^
  File "E:\agent专用\study-dashboard\backend\app\routers\habits.py", line 85, in list_habits
    tasks = db.scalars(
            ^^^^^^^^^^^
  File "E:\agent专用\study-dashboard\backend\.venv\Lib\site-packages\sqlalchemy\orm\session.py", line 2481, in scalars
    return self._execute_internal(
           ^^^^^^^^^^^^^^^^^^^^^^^
  File "E:\agent专用\study-dashboard\backend\.venv\Lib\site-packages\sqlalchemy\orm\session.py", line 2271, in _execute_internal
    result: Result[Any] = compile_state_cls.orm_execute_statement(
                          ^^^^^^^^^^^^^^^^^^^^^^^^^^^^^^^^^^^^^^^^
  File "E:\agent专用\study-dashboard\backend\.venv\Lib\site-packages\sqlalchemy\orm\context.py", line 306, in orm_execute_statement
    result = conn.execute(
             ^^^^^^^^^^^^^
  File "E:\agent专用\study-dashboard\backend\.venv\Lib\site-packages\sqlalchemy\engine\base.py", line 1421, in execute
    return meth(
           ^^^^^
  File "E:\agent专用\study-dashboard\backend\.venv\Lib\site-packages\sqlalchemy\sql\elements.py", line 526, in _execute_on_connection
    return connection._execute_clauseelement(
           ^^^^^^^^^^^^^^^^^^^^^^^^^^^^^^^^^^
  File "E:\agent专用\study-dashboard\backend\.venv\Lib\site-packages\sqlalchemy\engine\base.py", line 1643, in _execute_clauseelement
    ret = self._execute_context(
          ^^^^^^^^^^^^^^^^^^^^^^
  File "E:\agent专用\study-dashboard\backend\.venv\Lib\site-packages\sqlalchemy\engine\base.py", line 1848, in _execute_context
    return self._exec_single_context(
           ^^^^^^^^^^^^^^^^^^^^^^^^^^
  File "E:\agent专用\study-dashboard\backend\.venv\Lib\site-packages\sqlalchemy\engine\base.py", line 1988, in _exec_single_context
    self._handle_dbapi_exception(
  File "E:\agent专用\study-dashboard\backend\.venv\Lib\site-packages\sqlalchemy\engine\base.py", line 2365, in _handle_dbapi_exception
    raise sqlalchemy_exception.with_traceback(exc_info[2]) from e
  File "E:\agent专用\study-dashboard\backend\.venv\Lib\site-packages\sqlalchemy\engine\base.py", line 1969, in _exec_single_context
    self.dialect.do_execute(
  File "E:\agent专用\study-dashboard\backend\.venv\Lib\site-packages\sqlalchemy\engine\default.py", line 952, in do_execute
    cursor.execute(statement, parameters)
sqlalchemy.exc.OperationalError: (sqlite3.OperationalError) no such column: tasks.habit_days
[SQL: SELECT tasks.id, tasks.user_id, tasks.plan_id, tasks.title, tasks.subject, tasks.estimated_minutes, tasks.status, tasks.is_habit, tasks.habit_frequency, tasks.habit_days, tasks.created_at, tasks.completed_at 
FROM tasks 
WHERE tasks.user_id = ? AND tasks.is_habit IS 1 ORDER BY tasks.created_at DESC]
[parameters: (3,)]
(Background on this error at: https://sqlalche.me/e/20/e3q8)
INFO:     127.0.0.1:49683 - "GET /api/tasks HTTP/1.1" 500 Internal Server Error
ERROR:    Exception in ASGI application
Traceback (most recent call last):
  File "E:\agent专用\study-dashboard\backend\.venv\Lib\site-packages\sqlalchemy\engine\base.py", line 1969, in _exec_single_context
    self.dialect.do_execute(
  File "E:\agent专用\study-dashboard\backend\.venv\Lib\site-packages\sqlalchemy\engine\default.py", line 952, in do_execute
    cursor.execute(statement, parameters)
sqlite3.OperationalError: no such column: tasks.habit_days

The above exception was the direct cause of the following exception:

Traceback (most recent call last):
  File "E:\agent专用\study-dashboard\backend\.venv\Lib\site-packages\uvicorn\protocols\http\httptools_impl.py", line 422, in run_asgi
    result = await app(  # type: ignore[func-returns-value]
             ^^^^^^^^^^^^^^^^^^^^^^^^^^^^^^^^^^^^^^^^^^^^^^
  File "E:\agent专用\study-dashboard\backend\.venv\Lib\site-packages\uvicorn\middleware\proxy_headers.py", line 63, in __call__
    return await self.app(scope, receive, send)
           ^^^^^^^^^^^^^^^^^^^^^^^^^^^^^^^^^^^^
  File "E:\agent专用\study-dashboard\backend\.venv\Lib\site-packages\fastapi\applications.py", line 1163, in __call__
    await super().__call__(scope, receive, send)
  File "E:\agent专用\study-dashboard\backend\.venv\Lib\site-packages\starlette\applications.py", line 96, in __call__
    await self.middleware_stack(scope, receive, send)
  File "E:\agent专用\study-dashboard\backend\.venv\Lib\site-packages\starlette\middleware\errors.py", line 186, in __call__
    raise exc
  File "E:\agent专用\study-dashboard\backend\.venv\Lib\site-packages\starlette\middleware\errors.py", line 164, in __call__
    await self.app(scope, receive, _send)
  File "E:\agent专用\study-dashboard\backend\.venv\Lib\site-packages\starlette\middleware\cors.py", line 88, in __call__
    await self.app(scope, receive, send)
  File "E:\agent专用\study-dashboard\backend\.venv\Lib\site-packages\starlette\middleware\exceptions.py", line 63, in __call__
    await wrap_app_handling_exceptions(self.app, conn)(scope, receive, send)
  File "E:\agent专用\study-dashboard\backend\.venv\Lib\site-packages\starlette\_exception_handler.py", line 53, in wrapped_app
    raise exc
  File "E:\agent专用\study-dashboard\backend\.venv\Lib\site-packages\starlette\_exception_handler.py", line 42, in wrapped_app
    await app(scope, receive, sender)
  File "E:\agent专用\study-dashboard\backend\.venv\Lib\site-packages\fastapi\middleware\asyncexitstack.py", line 18, in __call__
    await self.app(scope, receive, send)
  File "E:\agent专用\study-dashboard\backend\.venv\Lib\site-packages\starlette\routing.py", line 670, in __call__
    await self.middleware_stack(scope, receive, send)
  File "E:\agent专用\study-dashboard\backend\.venv\Lib\site-packages\fastapi\routing.py", line 2734, in app
    await route.handle(scope, receive, send)
  File "E:\agent专用\study-dashboard\backend\.venv\Lib\site-packages\fastapi\routing.py", line 1780, in handle
    await self.original_router.handle(scope, receive, send)
  File "E:\agent专用\study-dashboard\backend\.venv\Lib\site-packages\fastapi\routing.py", line 2789, in handle
    await included_router._handle_selected(scope, receive, send)
  File "E:\agent专用\study-dashboard\backend\.venv\Lib\site-packages\fastapi\routing.py", line 1800, in _handle_selected
    await original_route.handle(scope, receive, send)
  File "E:\agent专用\study-dashboard\backend\.venv\Lib\site-packages\fastapi\routing.py", line 1279, in handle
    await app(scope, receive, send)
  File "E:\agent专用\study-dashboard\backend\.venv\Lib\site-packages\fastapi\routing.py", line 158, in app
    await wrap_app_handling_exceptions(app, request)(scope, receive, send)
  File "E:\agent专用\study-dashboard\backend\.venv\Lib\site-packages\starlette\_exception_handler.py", line 53, in wrapped_app
    raise exc
  File "E:\agent专用\study-dashboard\backend\.venv\Lib\site-packages\starlette\_exception_handler.py", line 42, in wrapped_app
    await app(scope, receive, sender)
  File "E:\agent专用\study-dashboard\backend\.venv\Lib\site-packages\fastapi\routing.py", line 144, in app
    response = await f(request)
               ^^^^^^^^^^^^^^^^
  File "E:\agent专用\study-dashboard\backend\.venv\Lib\site-packages\fastapi\routing.py", line 706, in app
    raw_response = await run_endpoint_function(
                   ^^^^^^^^^^^^^^^^^^^^^^^^^^^^
  File "E:\agent专用\study-dashboard\backend\.venv\Lib\site-packages\fastapi\routing.py", line 354, in run_endpoint_function
    return await run_in_threadpool(dependant.call, **values)
           ^^^^^^^^^^^^^^^^^^^^^^^^^^^^^^^^^^^^^^^^^^^^^^^^^
  File "E:\agent专用\study-dashboard\backend\.venv\Lib\site-packages\starlette\concurrency.py", line 34, in run_in_threadpool
    return await anyio.to_thread.run_sync(func)
           ^^^^^^^^^^^^^^^^^^^^^^^^^^^^^^^^^^^^
  File "E:\agent专用\study-dashboard\backend\.venv\Lib\site-packages\anyio\to_thread.py", line 65, in run_sync
    return await get_async_backend().run_sync_in_worker_thread(
           ^^^^^^^^^^^^^^^^^^^^^^^^^^^^^^^^^^^^^^^^^^^^^^^^^^^^
  File "E:\agent专用\study-dashboard\backend\.venv\Lib\site-packages\anyio\_backends\_asyncio.py", line 2641, in run_sync_in_worker_thread
    return await future
           ^^^^^^^^^^^^
  File "E:\agent专用\study-dashboard\backend\.venv\Lib\site-packages\anyio\_backends\_asyncio.py", line 1033, in run
    result = context.run(func, *args)
             ^^^^^^^^^^^^^^^^^^^^^^^^
  File "E:\agent专用\study-dashboard\backend\app\routers\tasks.py", line 81, in list_tasks
    return db.scalars(statement.order_by(Task.created_at.desc())).all()
           ^^^^^^^^^^^^^^^^^^^^^^^^^^^^^^^^^^^^^^^^^^^^^^^^^^^^^^
  File "E:\agent专用\study-dashboard\backend\.venv\Lib\site-packages\sqlalchemy\orm\session.py", line 2481, in scalars
    return self._execute_internal(
           ^^^^^^^^^^^^^^^^^^^^^^^
  File "E:\agent专用\study-dashboard\backend\.venv\Lib\site-packages\sqlalchemy\orm\session.py", line 2271, in _execute_internal
    result: Result[Any] = compile_state_cls.orm_execute_statement(
                          ^^^^^^^^^^^^^^^^^^^^^^^^^^^^^^^^^^^^^^^^
  File "E:\agent专用\study-dashboard\backend\.venv\Lib\site-packages\sqlalchemy\orm\context.py", line 306, in orm_execute_statement
    result = conn.execute(
             ^^^^^^^^^^^^^
  File "E:\agent专用\study-dashboard\backend\.venv\Lib\site-packages\sqlalchemy\engine\base.py", line 1421, in execute
    return meth(
           ^^^^^
  File "E:\agent专用\study-dashboard\backend\.venv\Lib\site-packages\sqlalchemy\sql\elements.py", line 526, in _execute_on_connection
    return connection._execute_clauseelement(
           ^^^^^^^^^^^^^^^^^^^^^^^^^^^^^^^^^^
  File "E:\agent专用\study-dashboard\backend\.venv\Lib\site-packages\sqlalchemy\engine\base.py", line 1643, in _execute_clauseelement
    ret = self._execute_context(
          ^^^^^^^^^^^^^^^^^^^^^^
  File "E:\agent专用\study-dashboard\backend\.venv\Lib\site-packages\sqlalchemy\engine\base.py", line 1848, in _execute_context
    return self._exec_single_context(
           ^^^^^^^^^^^^^^^^^^^^^^^^^^
  File "E:\agent专用\study-dashboard\backend\.venv\Lib\site-packages\sqlalchemy\engine\base.py", line 1988, in _exec_single_context
    self._handle_dbapi_exception(
  File "E:\agent专用\study-dashboard\backend\.venv\Lib\site-packages\sqlalchemy\engine\base.py", line 2365, in _handle_dbapi_exception
    raise sqlalchemy_exception.with_traceback(exc_info[2]) from e
  File "E:\agent专用\study-dashboard\backend\.venv\Lib\site-packages\sqlalchemy\engine\base.py", line 1969, in _exec_single_context
    self.dialect.do_execute(
  File "E:\agent专用\study-dashboard\backend\.venv\Lib\site-packages\sqlalchemy\engine\default.py", line 952, in do_execute
    cursor.execute(statement, parameters)
sqlalchemy.exc.OperationalError: (sqlite3.OperationalError) no such column: tasks.habit_days
[SQL: SELECT tasks.id, tasks.user_id, tasks.plan_id, tasks.title, tasks.subject, tasks.estimated_minutes, tasks.status, tasks.is_habit, tasks.habit_frequency, tasks.habit_days, tasks.created_at, tasks.completed_at 
FROM tasks 
WHERE tasks.user_id = ? ORDER BY tasks.created_at DESC]
[parameters: (3,)]
(Background on this error at: https://sqlalche.me/e/20/e3q8)
INFO:     127.0.0.1:49227 - "GET /assets/ai-f_SUWtht.js HTTP/1.1" 200 OK
INFO:     127.0.0.1:61602 - "GET /assets/PlansView-DLl2qDE8.js HTTP/1.1" 200 OK
INFO:     127.0.0.1:49227 - "GET /api/plan-templates HTTP/1.1" 200 OK
INFO:     127.0.0.1:61602 - "GET /api/ai/config HTTP/1.1" 200 OK
INFO:     127.0.0.1:61602 - "GET /api/plans HTTP/1.1" 200 OK
INFO:     127.0.0.1:61602 - "GET /api/tasks HTTP/1.1" 500 Internal Server Error
ERROR:    Exception in ASGI application
Traceback (most recent call last):
  File "E:\agent专用\study-dashboard\backend\.venv\Lib\site-packages\sqlalchemy\engine\base.py", line 1969, in _exec_single_context
    self.dialect.do_execute(
  File "E:\agent专用\study-dashboard\backend\.venv\Lib\site-packages\sqlalchemy\engine\default.py", line 952, in do_execute
    cursor.execute(statement, parameters)
sqlite3.OperationalError: no such column: tasks.habit_days

The above exception was the direct cause of the following exception:

Traceback (most recent call last):
  File "E:\agent专用\study-dashboard\backend\.venv\Lib\site-packages\uvicorn\protocols\http\httptools_impl.py", line 422, in run_asgi
    result = await app(  # type: ignore[func-returns-value]
             ^^^^^^^^^^^^^^^^^^^^^^^^^^^^^^^^^^^^^^^^^^^^^^
  File "E:\agent专用\study-dashboard\backend\.venv\Lib\site-packages\uvicorn\middleware\proxy_headers.py", line 63, in __call__
    return await self.app(scope, receive, send)
           ^^^^^^^^^^^^^^^^^^^^^^^^^^^^^^^^^^^^
  File "E:\agent专用\study-dashboard\backend\.venv\Lib\site-packages\fastapi\applications.py", line 1163, in __call__
    await super().__call__(scope, receive, send)
  File "E:\agent专用\study-dashboard\backend\.venv\Lib\site-packages\starlette\applications.py", line 96, in __call__
    await self.middleware_stack(scope, receive, send)
  File "E:\agent专用\study-dashboard\backend\.venv\Lib\site-packages\starlette\middleware\errors.py", line 186, in __call__
    raise exc
  File "E:\agent专用\study-dashboard\backend\.venv\Lib\site-packages\starlette\middleware\errors.py", line 164, in __call__
    await self.app(scope, receive, _send)
  File "E:\agent专用\study-dashboard\backend\.venv\Lib\site-packages\starlette\middleware\cors.py", line 88, in __call__
    await self.app(scope, receive, send)
  File "E:\agent专用\study-dashboard\backend\.venv\Lib\site-packages\starlette\middleware\exceptions.py", line 63, in __call__
    await wrap_app_handling_exceptions(self.app, conn)(scope, receive, send)
  File "E:\agent专用\study-dashboard\backend\.venv\Lib\site-packages\starlette\_exception_handler.py", line 53, in wrapped_app
    raise exc
  File "E:\agent专用\study-dashboard\backend\.venv\Lib\site-packages\starlette\_exception_handler.py", line 42, in wrapped_app
    await app(scope, receive, sender)
  File "E:\agent专用\study-dashboard\backend\.venv\Lib\site-packages\fastapi\middleware\asyncexitstack.py", line 18, in __call__
    await self.app(scope, receive, send)
  File "E:\agent专用\study-dashboard\backend\.venv\Lib\site-packages\starlette\routing.py", line 670, in __call__
    await self.middleware_stack(scope, receive, send)
  File "E:\agent专用\study-dashboard\backend\.venv\Lib\site-packages\fastapi\routing.py", line 2734, in app
    await route.handle(scope, receive, send)
  File "E:\agent专用\study-dashboard\backend\.venv\Lib\site-packages\fastapi\routing.py", line 1780, in handle
    await self.original_router.handle(scope, receive, send)
  File "E:\agent专用\study-dashboard\backend\.venv\Lib\site-packages\fastapi\routing.py", line 2789, in handle
    await included_router._handle_selected(scope, receive, send)
  File "E:\agent专用\study-dashboard\backend\.venv\Lib\site-packages\fastapi\routing.py", line 1800, in _handle_selected
    await original_route.handle(scope, receive, send)
  File "E:\agent专用\study-dashboard\backend\.venv\Lib\site-packages\fastapi\routing.py", line 1279, in handle
    await app(scope, receive, send)
  File "E:\agent专用\study-dashboard\backend\.venv\Lib\site-packages\fastapi\routing.py", line 158, in app
    await wrap_app_handling_exceptions(app, request)(scope, receive, send)
  File "E:\agent专用\study-dashboard\backend\.venv\Lib\site-packages\starlette\_exception_handler.py", line 53, in wrapped_app
    raise exc
  File "E:\agent专用\study-dashboard\backend\.venv\Lib\site-packages\starlette\_exception_handler.py", line 42, in wrapped_app
    await app(scope, receive, sender)
  File "E:\agent专用\study-dashboard\backend\.venv\Lib\site-packages\fastapi\routing.py", line 144, in app
    response = await f(request)
               ^^^^^^^^^^^^^^^^
  File "E:\agent专用\study-dashboard\backend\.venv\Lib\site-packages\fastapi\routing.py", line 706, in app
    raw_response = await run_endpoint_function(
                   ^^^^^^^^^^^^^^^^^^^^^^^^^^^^
  File "E:\agent专用\study-dashboard\backend\.venv\Lib\site-packages\fastapi\routing.py", line 354, in run_endpoint_function
    return await run_in_threadpool(dependant.call, **values)
           ^^^^^^^^^^^^^^^^^^^^^^^^^^^^^^^^^^^^^^^^^^^^^^^^^
  File "E:\agent专用\study-dashboard\backend\.venv\Lib\site-packages\starlette\concurrency.py", line 34, in run_in_threadpool
    return await anyio.to_thread.run_sync(func)
           ^^^^^^^^^^^^^^^^^^^^^^^^^^^^^^^^^^^^
  File "E:\agent专用\study-dashboard\backend\.venv\Lib\site-packages\anyio\to_thread.py", line 65, in run_sync
    return await get_async_backend().run_sync_in_worker_thread(
           ^^^^^^^^^^^^^^^^^^^^^^^^^^^^^^^^^^^^^^^^^^^^^^^^^^^^
  File "E:\agent专用\study-dashboard\backend\.venv\Lib\site-packages\anyio\_backends\_asyncio.py", line 2641, in run_sync_in_worker_thread
    return await future
           ^^^^^^^^^^^^
  File "E:\agent专用\study-dashboard\backend\.venv\Lib\site-packages\anyio\_backends\_asyncio.py", line 1033, in run
    result = context.run(func, *args)
             ^^^^^^^^^^^^^^^^^^^^^^^^
  File "E:\agent专用\study-dashboard\backend\app\routers\tasks.py", line 81, in list_tasks
    return db.scalars(statement.order_by(Task.created_at.desc())).all()
           ^^^^^^^^^^^^^^^^^^^^^^^^^^^^^^^^^^^^^^^^^^^^^^^^^^^^^^
  File "E:\agent专用\study-dashboard\backend\.venv\Lib\site-packages\sqlalchemy\orm\session.py", line 2481, in scalars
    return self._execute_internal(
           ^^^^^^^^^^^^^^^^^^^^^^^
  File "E:\agent专用\study-dashboard\backend\.venv\Lib\site-packages\sqlalchemy\orm\session.py", line 2271, in _execute_internal
    result: Result[Any] = compile_state_cls.orm_execute_statement(
                          ^^^^^^^^^^^^^^^^^^^^^^^^^^^^^^^^^^^^^^^^
  File "E:\agent专用\study-dashboard\backend\.venv\Lib\site-packages\sqlalchemy\orm\context.py", line 306, in orm_execute_statement
    result = conn.execute(
             ^^^^^^^^^^^^^
  File "E:\agent专用\study-dashboard\backend\.venv\Lib\site-packages\sqlalchemy\engine\base.py", line 1421, in execute
    return meth(
           ^^^^^
  File "E:\agent专用\study-dashboard\backend\.venv\Lib\site-packages\sqlalchemy\sql\elements.py", line 526, in _execute_on_connection
    return connection._execute_clauseelement(
           ^^^^^^^^^^^^^^^^^^^^^^^^^^^^^^^^^^
  File "E:\agent专用\study-dashboard\backend\.venv\Lib\site-packages\sqlalchemy\engine\base.py", line 1643, in _execute_clauseelement
    ret = self._execute_context(
          ^^^^^^^^^^^^^^^^^^^^^^
  File "E:\agent专用\study-dashboard\backend\.venv\Lib\site-packages\sqlalchemy\engine\base.py", line 1848, in _execute_context
    return self._exec_single_context(
           ^^^^^^^^^^^^^^^^^^^^^^^^^^
  File "E:\agent专用\study-dashboard\backend\.venv\Lib\site-packages\sqlalchemy\engine\base.py", line 1988, in _exec_single_context
    self._handle_dbapi_exception(
  File "E:\agent专用\study-dashboard\backend\.venv\Lib\site-packages\sqlalchemy\engine\base.py", line 2365, in _handle_dbapi_exception
    raise sqlalchemy_exception.with_traceback(exc_info[2]) from e
  File "E:\agent专用\study-dashboard\backend\.venv\Lib\site-packages\sqlalchemy\engine\base.py", line 1969, in _exec_single_context
    self.dialect.do_execute(
  File "E:\agent专用\study-dashboard\backend\.venv\Lib\site-packages\sqlalchemy\engine\default.py", line 952, in do_execute
    cursor.execute(statement, parameters)
sqlalchemy.exc.OperationalError: (sqlite3.OperationalError) no such column: tasks.habit_days
[SQL: SELECT tasks.id, tasks.user_id, tasks.plan_id, tasks.title, tasks.subject, tasks.estimated_minutes, tasks.status, tasks.is_habit, tasks.habit_frequency, tasks.habit_days, tasks.created_at, tasks.completed_at 
FROM tasks 
WHERE tasks.user_id = ? ORDER BY tasks.created_at DESC]
[parameters: (3,)]
(Background on this error at: https://sqlalche.me/e/20/e3q8)
INFO:     127.0.0.1:49227 - "GET /assets/FilesView-SDLoDWVP.js HTTP/1.1" 200 OK
INFO:     127.0.0.1:49227 - "GET /api/files?scope=mine HTTP/1.1" 200 OK
INFO:     127.0.0.1:49227 - "GET /assets/ReviewsView-DB7uANt-.js HTTP/1.1" 200 OK
INFO:     127.0.0.1:49227 - "GET /api/reviews?status=due HTTP/1.1" 200 OK
INFO:     127.0.0.1:49227 - "GET /assets/StatsView-BXUNWxpk.js HTTP/1.1" 200 OK
INFO:     127.0.0.1:51125 - "GET /api/stats/trend?days=7 HTTP/1.1" 200 OK
INFO:     127.0.0.1:49981 - "GET /api/stats/streak HTTP/1.1" 200 OK
INFO:     127.0.0.1:59383 - "GET /api/stats/heatmap?days=105 HTTP/1.1" 200 OK
INFO:     127.0.0.1:49227 - "GET /api/stats/today HTTP/1.1" 500 Internal Server Error
ERROR:    Exception in ASGI application
Traceback (most recent call last):
  File "E:\agent专用\study-dashboard\backend\.venv\Lib\site-packages\sqlalchemy\engine\base.py", line 1969, in _exec_single_context
    self.dialect.do_execute(
  File "E:\agent专用\study-dashboard\backend\.venv\Lib\site-packages\sqlalchemy\engine\default.py", line 952, in do_execute
    cursor.execute(statement, parameters)
sqlite3.OperationalError: no such column: tasks.habit_days

The above exception was the direct cause of the following exception:

Traceback (most recent call last):
  File "E:\agent专用\study-dashboard\backend\.venv\Lib\site-packages\uvicorn\protocols\http\httptools_impl.py", line 422, in run_asgi
    result = await app(  # type: ignore[func-returns-value]
             ^^^^^^^^^^^^^^^^^^^^^^^^^^^^^^^^^^^^^^^^^^^^^^
  File "E:\agent专用\study-dashboard\backend\.venv\Lib\site-packages\uvicorn\middleware\proxy_headers.py", line 63, in __call__
    return await self.app(scope, receive, send)
           ^^^^^^^^^^^^^^^^^^^^^^^^^^^^^^^^^^^^
  File "E:\agent专用\study-dashboard\backend\.venv\Lib\site-packages\fastapi\applications.py", line 1163, in __call__
    await super().__call__(scope, receive, send)
  File "E:\agent专用\study-dashboard\backend\.venv\Lib\site-packages\starlette\applications.py", line 96, in __call__
    await self.middleware_stack(scope, receive, send)
  File "E:\agent专用\study-dashboard\backend\.venv\Lib\site-packages\starlette\middleware\errors.py", line 186, in __call__
    raise exc
  File "E:\agent专用\study-dashboard\backend\.venv\Lib\site-packages\starlette\middleware\errors.py", line 164, in __call__
    await self.app(scope, receive, _send)
  File "E:\agent专用\study-dashboard\backend\.venv\Lib\site-packages\starlette\middleware\cors.py", line 88, in __call__
    await self.app(scope, receive, send)
  File "E:\agent专用\study-dashboard\backend\.venv\Lib\site-packages\starlette\middleware\exceptions.py", line 63, in __call__
    await wrap_app_handling_exceptions(self.app, conn)(scope, receive, send)
  File "E:\agent专用\study-dashboard\backend\.venv\Lib\site-packages\starlette\_exception_handler.py", line 53, in wrapped_app
    raise exc
  File "E:\agent专用\study-dashboard\backend\.venv\Lib\site-packages\starlette\_exception_handler.py", line 42, in wrapped_app
    await app(scope, receive, sender)
  File "E:\agent专用\study-dashboard\backend\.venv\Lib\site-packages\fastapi\middleware\asyncexitstack.py", line 18, in __call__
    await self.app(scope, receive, send)
  File "E:\agent专用\study-dashboard\backend\.venv\Lib\site-packages\starlette\routing.py", line 670, in __call__
    await self.middleware_stack(scope, receive, send)
  File "E:\agent专用\study-dashboard\backend\.venv\Lib\site-packages\fastapi\routing.py", line 2734, in app
    await route.handle(scope, receive, send)
  File "E:\agent专用\study-dashboard\backend\.venv\Lib\site-packages\fastapi\routing.py", line 1780, in handle
    await self.original_router.handle(scope, receive, send)
  File "E:\agent专用\study-dashboard\backend\.venv\Lib\site-packages\fastapi\routing.py", line 2789, in handle
    await included_router._handle_selected(scope, receive, send)
  File "E:\agent专用\study-dashboard\backend\.venv\Lib\site-packages\fastapi\routing.py", line 1800, in _handle_selected
    await original_route.handle(scope, receive, send)
  File "E:\agent专用\study-dashboard\backend\.venv\Lib\site-packages\fastapi\routing.py", line 1279, in handle
    await app(scope, receive, send)
  File "E:\agent专用\study-dashboard\backend\.venv\Lib\site-packages\fastapi\routing.py", line 158, in app
    await wrap_app_handling_exceptions(app, request)(scope, receive, send)
  File "E:\agent专用\study-dashboard\backend\.venv\Lib\site-packages\starlette\_exception_handler.py", line 53, in wrapped_app
    raise exc
  File "E:\agent专用\study-dashboard\backend\.venv\Lib\site-packages\starlette\_exception_handler.py", line 42, in wrapped_app
    await app(scope, receive, sender)
  File "E:\agent专用\study-dashboard\backend\.venv\Lib\site-packages\fastapi\routing.py", line 144, in app
    response = await f(request)
               ^^^^^^^^^^^^^^^^
  File "E:\agent专用\study-dashboard\backend\.venv\Lib\site-packages\fastapi\routing.py", line 706, in app
    raw_response = await run_endpoint_function(
                   ^^^^^^^^^^^^^^^^^^^^^^^^^^^^
  File "E:\agent专用\study-dashboard\backend\.venv\Lib\site-packages\fastapi\routing.py", line 354, in run_endpoint_function
    return await run_in_threadpool(dependant.call, **values)
           ^^^^^^^^^^^^^^^^^^^^^^^^^^^^^^^^^^^^^^^^^^^^^^^^^
  File "E:\agent专用\study-dashboard\backend\.venv\Lib\site-packages\starlette\concurrency.py", line 34, in run_in_threadpool
    return await anyio.to_thread.run_sync(func)
           ^^^^^^^^^^^^^^^^^^^^^^^^^^^^^^^^^^^^
  File "E:\agent专用\study-dashboard\backend\.venv\Lib\site-packages\anyio\to_thread.py", line 65, in run_sync
    return await get_async_backend().run_sync_in_worker_thread(
           ^^^^^^^^^^^^^^^^^^^^^^^^^^^^^^^^^^^^^^^^^^^^^^^^^^^^
  File "E:\agent专用\study-dashboard\backend\.venv\Lib\site-packages\anyio\_backends\_asyncio.py", line 2641, in run_sync_in_worker_thread
    return await future
           ^^^^^^^^^^^^
  File "E:\agent专用\study-dashboard\backend\.venv\Lib\site-packages\anyio\_backends\_asyncio.py", line 1033, in run
    result = context.run(func, *args)
             ^^^^^^^^^^^^^^^^^^^^^^^^
  File "E:\agent专用\study-dashboard\backend\app\routers\stats.py", line 36, in today_stats
    tasks_done = db.scalars(
                 ^^^^^^^^^^^
  File "E:\agent专用\study-dashboard\backend\.venv\Lib\site-packages\sqlalchemy\orm\session.py", line 2481, in scalars
    return self._execute_internal(
           ^^^^^^^^^^^^^^^^^^^^^^^
  File "E:\agent专用\study-dashboard\backend\.venv\Lib\site-packages\sqlalchemy\orm\session.py", line 2271, in _execute_internal
    result: Result[Any] = compile_state_cls.orm_execute_statement(
                          ^^^^^^^^^^^^^^^^^^^^^^^^^^^^^^^^^^^^^^^^
  File "E:\agent专用\study-dashboard\backend\.venv\Lib\site-packages\sqlalchemy\orm\context.py", line 306, in orm_execute_statement
    result = conn.execute(
             ^^^^^^^^^^^^^
  File "E:\agent专用\study-dashboard\backend\.venv\Lib\site-packages\sqlalchemy\engine\base.py", line 1421, in execute
    return meth(
           ^^^^^
  File "E:\agent专用\study-dashboard\backend\.venv\Lib\site-packages\sqlalchemy\sql\elements.py", line 526, in _execute_on_connection
    return connection._execute_clauseelement(
           ^^^^^^^^^^^^^^^^^^^^^^^^^^^^^^^^^^
  File "E:\agent专用\study-dashboard\backend\.venv\Lib\site-packages\sqlalchemy\engine\base.py", line 1643, in _execute_clauseelement
    ret = self._execute_context(
          ^^^^^^^^^^^^^^^^^^^^^^
  File "E:\agent专用\study-dashboard\backend\.venv\Lib\site-packages\sqlalchemy\engine\base.py", line 1848, in _execute_context
    return self._exec_single_context(
           ^^^^^^^^^^^^^^^^^^^^^^^^^^
  File "E:\agent专用\study-dashboard\backend\.venv\Lib\site-packages\sqlalchemy\engine\base.py", line 1988, in _exec_single_context
    self._handle_dbapi_exception(
  File "E:\agent专用\study-dashboard\backend\.venv\Lib\site-packages\sqlalchemy\engine\base.py", line 2365, in _handle_dbapi_exception
    raise sqlalchemy_exception.with_traceback(exc_info[2]) from e
  File "E:\agent专用\study-dashboard\backend\.venv\Lib\site-packages\sqlalchemy\engine\base.py", line 1969, in _exec_single_context
    self.dialect.do_execute(
  File "E:\agent专用\study-dashboard\backend\.venv\Lib\site-packages\sqlalchemy\engine\default.py", line 952, in do_execute
    cursor.execute(statement, parameters)
sqlalchemy.exc.OperationalError: (sqlite3.OperationalError) no such column: tasks.habit_days
[SQL: SELECT tasks.id, tasks.user_id, tasks.plan_id, tasks.title, tasks.subject, tasks.estimated_minutes, tasks.status, tasks.is_habit, tasks.habit_frequency, tasks.habit_days, tasks.created_at, tasks.completed_at 
FROM tasks 
WHERE tasks.user_id = ? AND tasks.status = ? AND tasks.completed_at >= ? AND tasks.completed_at <= ?]
[parameters: (3, 'done', '2026-08-19 00:00:00.000000', '2026-08-19 23:59:59.999999')]
(Background on this error at: https://sqlalche.me/e/20/e3q8)
INFO:     127.0.0.1:59383 - "GET /assets/MathReviewView-DIv5rzGJ.js HTTP/1.1" 200 OK
INFO:     127.0.0.1:49981 - "GET /assets/MathReviewView-DAEXR2hY.css HTTP/1.1" 200 OK
INFO:     127.0.0.1:59383 - "GET /api/math/tree HTTP/1.1" 200 OK
INFO:     127.0.0.1:52547 - "GET /assets/KaTeX_Size2-Regular-Dy4dx90m.woff2 HTTP/1.1" 200 OK
INFO:     127.0.0.1:59383 - "GET /assets/KaTeX_Math-Italic-t53AETM-.woff2 HTTP/1.1" 200 OK
INFO:     127.0.0.1:51125 - "GET /assets/KaTeX_Size1-Regular-mCD8mA8B.woff2 HTTP/1.1" 200 OK
INFO:     127.0.0.1:49981 - "GET /assets/KaTeX_Main-Regular-B22Nviop.woff2 HTTP/1.1" 200 OK
INFO:     127.0.0.1:65020 - "GET /api/health HTTP/1.1" 200 OK
INFO:     127.0.0.1:54656 - "GET /api/health HTTP/1.1" 200 OK
INFO:     127.0.0.1:57422 - "GET /api/stats/heatmap?days=105 HTTP/1.1" 200 OK
INFO:     127.0.0.1:54656 - "GET /api/stats/today HTTP/1.1" 500 Internal Server Error
ERROR:    Exception in ASGI application
Traceback (most recent call last):
  File "E:\agent专用\study-dashboard\backend\.venv\Lib\site-packages\sqlalchemy\engine\base.py", line 1969, in _exec_single_context
    self.dialect.do_execute(
  File "E:\agent专用\study-dashboard\backend\.venv\Lib\site-packages\sqlalchemy\engine\default.py", line 952, in do_execute
    cursor.execute(statement, parameters)
sqlite3.OperationalError: no such column: tasks.habit_days

The above exception was the direct cause of the following exception:

Traceback (most recent call last):
  File "E:\agent专用\study-dashboard\backend\.venv\Lib\site-packages\uvicorn\protocols\http\httptools_impl.py", line 422, in run_asgi
    result = await app(  # type: ignore[func-returns-value]
             ^^^^^^^^^^^^^^^^^^^^^^^^^^^^^^^^^^^^^^^^^^^^^^
  File "E:\agent专用\study-dashboard\backend\.venv\Lib\site-packages\uvicorn\middleware\proxy_headers.py", line 63, in __call__
    return await self.app(scope, receive, send)
           ^^^^^^^^^^^^^^^^^^^^^^^^^^^^^^^^^^^^
  File "E:\agent专用\study-dashboard\backend\.venv\Lib\site-packages\fastapi\applications.py", line 1163, in __call__
    await super().__call__(scope, receive, send)
  File "E:\agent专用\study-dashboard\backend\.venv\Lib\site-packages\starlette\applications.py", line 96, in __call__
    await self.middleware_stack(scope, receive, send)
  File "E:\agent专用\study-dashboard\backend\.venv\Lib\site-packages\starlette\middleware\errors.py", line 186, in __call__
    raise exc
  File "E:\agent专用\study-dashboard\backend\.venv\Lib\site-packages\starlette\middleware\errors.py", line 164, in __call__
    await self.app(scope, receive, _send)
  File "E:\agent专用\study-dashboard\backend\.venv\Lib\site-packages\starlette\middleware\cors.py", line 88, in __call__
    await self.app(scope, receive, send)
  File "E:\agent专用\study-dashboard\backend\.venv\Lib\site-packages\starlette\middleware\exceptions.py", line 63, in __call__
    await wrap_app_handling_exceptions(self.app, conn)(scope, receive, send)
  File "E:\agent专用\study-dashboard\backend\.venv\Lib\site-packages\starlette\_exception_handler.py", line 53, in wrapped_app
    raise exc
  File "E:\agent专用\study-dashboard\backend\.venv\Lib\site-packages\starlette\_exception_handler.py", line 42, in wrapped_app
    await app(scope, receive, sender)
  File "E:\agent专用\study-dashboard\backend\.venv\Lib\site-packages\fastapi\middleware\asyncexitstack.py", line 18, in __call__
    await self.app(scope, receive, send)
  File "E:\agent专用\study-dashboard\backend\.venv\Lib\site-packages\starlette\routing.py", line 670, in __call__
    await self.middleware_stack(scope, receive, send)
  File "E:\agent专用\study-dashboard\backend\.venv\Lib\site-packages\fastapi\routing.py", line 2734, in app
    await route.handle(scope, receive, send)
  File "E:\agent专用\study-dashboard\backend\.venv\Lib\site-packages\fastapi\routing.py", line 1780, in handle
    await self.original_router.handle(scope, receive, send)
  File "E:\agent专用\study-dashboard\backend\.venv\Lib\site-packages\fastapi\routing.py", line 2789, in handle
    await included_router._handle_selected(scope, receive, send)
  File "E:\agent专用\study-dashboard\backend\.venv\Lib\site-packages\fastapi\routing.py", line 1800, in _handle_selected
    await original_route.handle(scope, receive, send)
  File "E:\agent专用\study-dashboard\backend\.venv\Lib\site-packages\fastapi\routing.py", line 1279, in handle
    await app(scope, receive, send)
  File "E:\agent专用\study-dashboard\backend\.venv\Lib\site-packages\fastapi\routing.py", line 158, in app
    await wrap_app_handling_exceptions(app, request)(scope, receive, send)
  File "E:\agent专用\study-dashboard\backend\.venv\Lib\site-packages\starlette\_exception_handler.py", line 53, in wrapped_app
    raise exc
  File "E:\agent专用\study-dashboard\backend\.venv\Lib\site-packages\starlette\_exception_handler.py", line 42, in wrapped_app
    await app(scope, receive, sender)
  File "E:\agent专用\study-dashboard\backend\.venv\Lib\site-packages\fastapi\routing.py", line 144, in app
    response = await f(request)
               ^^^^^^^^^^^^^^^^
  File "E:\agent专用\study-dashboard\backend\.venv\Lib\site-packages\fastapi\routing.py", line 706, in app
    raw_response = await run_endpoint_function(
                   ^^^^^^^^^^^^^^^^^^^^^^^^^^^^
  File "E:\agent专用\study-dashboard\backend\.venv\Lib\site-packages\fastapi\routing.py", line 354, in run_endpoint_function
    return await run_in_threadpool(dependant.call, **values)
           ^^^^^^^^^^^^^^^^^^^^^^^^^^^^^^^^^^^^^^^^^^^^^^^^^
  File "E:\agent专用\study-dashboard\backend\.venv\Lib\site-packages\starlette\concurrency.py", line 34, in run_in_threadpool
    return await anyio.to_thread.run_sync(func)
           ^^^^^^^^^^^^^^^^^^^^^^^^^^^^^^^^^^^^
  File "E:\agent专用\study-dashboard\backend\.venv\Lib\site-packages\anyio\to_thread.py", line 65, in run_sync
    return await get_async_backend().run_sync_in_worker_thread(
           ^^^^^^^^^^^^^^^^^^^^^^^^^^^^^^^^^^^^^^^^^^^^^^^^^^^^
  File "E:\agent专用\study-dashboard\backend\.venv\Lib\site-packages\anyio\_backends\_asyncio.py", line 2641, in run_sync_in_worker_thread
    return await future
           ^^^^^^^^^^^^
  File "E:\agent专用\study-dashboard\backend\.venv\Lib\site-packages\anyio\_backends\_asyncio.py", line 1033, in run
    result = context.run(func, *args)
             ^^^^^^^^^^^^^^^^^^^^^^^^
  File "E:\agent专用\study-dashboard\backend\app\routers\stats.py", line 36, in today_stats
    tasks_done = db.scalars(
                 ^^^^^^^^^^^
  File "E:\agent专用\study-dashboard\backend\.venv\Lib\site-packages\sqlalchemy\orm\session.py", line 2481, in scalars
    return self._execute_internal(
           ^^^^^^^^^^^^^^^^^^^^^^^
  File "E:\agent专用\study-dashboard\backend\.venv\Lib\site-packages\sqlalchemy\orm\session.py", line 2271, in _execute_internal
    result: Result[Any] = compile_state_cls.orm_execute_statement(
                          ^^^^^^^^^^^^^^^^^^^^^^^^^^^^^^^^^^^^^^^^
  File "E:\agent专用\study-dashboard\backend\.venv\Lib\site-packages\sqlalchemy\orm\context.py", line 306, in orm_execute_statement
    result = conn.execute(
             ^^^^^^^^^^^^^
  File "E:\agent专用\study-dashboard\backend\.venv\Lib\site-packages\sqlalchemy\engine\base.py", line 1421, in execute
    return meth(
           ^^^^^
  File "E:\agent专用\study-dashboard\backend\.venv\Lib\site-packages\sqlalchemy\sql\elements.py", line 526, in _execute_on_connection
    return connection._execute_clauseelement(
           ^^^^^^^^^^^^^^^^^^^^^^^^^^^^^^^^^^
  File "E:\agent专用\study-dashboard\backend\.venv\Lib\site-packages\sqlalchemy\engine\base.py", line 1643, in _execute_clauseelement
    ret = self._execute_context(
          ^^^^^^^^^^^^^^^^^^^^^^
  File "E:\agent专用\study-dashboard\backend\.venv\Lib\site-packages\sqlalchemy\engine\base.py", line 1848, in _execute_context
    return self._exec_single_context(
           ^^^^^^^^^^^^^^^^^^^^^^^^^^
  File "E:\agent专用\study-dashboard\backend\.venv\Lib\site-packages\sqlalchemy\engine\base.py", line 1988, in _exec_single_context
    self._handle_dbapi_exception(
  File "E:\agent专用\study-dashboard\backend\.venv\Lib\site-packages\sqlalchemy\engine\base.py", line 2365, in _handle_dbapi_exception
    raise sqlalchemy_exception.with_traceback(exc_info[2]) from e
  File "E:\agent专用\study-dashboard\backend\.venv\Lib\site-packages\sqlalchemy\engine\base.py", line 1969, in _exec_single_context
    self.dialect.do_execute(
  File "E:\agent专用\study-dashboard\backend\.venv\Lib\site-packages\sqlalchemy\engine\default.py", line 952, in do_execute
    cursor.execute(statement, parameters)
sqlalchemy.exc.OperationalError: (sqlite3.OperationalError) no such column: tasks.habit_days
[SQL: SELECT tasks.id, tasks.user_id, tasks.plan_id, tasks.title, tasks.subject, tasks.estimated_minutes, tasks.status, tasks.is_habit, tasks.habit_frequency, tasks.habit_days, tasks.created_at, tasks.completed_at 
FROM tasks 
WHERE tasks.user_id = ? AND tasks.status = ? AND tasks.completed_at >= ? AND tasks.completed_at <= ?]
[parameters: (3, 'done', '2026-08-19 00:00:00.000000', '2026-08-19 23:59:59.999999')]
(Background on this error at: https://sqlalche.me/e/20/e3q8)
INFO:     127.0.0.1:58754 - "GET /api/stats/trend?days=7 HTTP/1.1" 200 OK
INFO:     127.0.0.1:49210 - "GET /api/stats/streak HTTP/1.1" 200 OK
INFO:     127.0.0.1:58655 - "GET /api/tasks HTTP/1.1" 500 Internal Server Error
ERROR:    Exception in ASGI application
Traceback (most recent call last):
  File "E:\agent专用\study-dashboard\backend\.venv\Lib\site-packages\sqlalchemy\engine\base.py", line 1969, in _exec_single_context
    self.dialect.do_execute(
  File "E:\agent专用\study-dashboard\backend\.venv\Lib\site-packages\sqlalchemy\engine\default.py", line 952, in do_execute
    cursor.execute(statement, parameters)
sqlite3.OperationalError: no such column: tasks.habit_days

The above exception was the direct cause of the following exception:

Traceback (most recent call last):
  File "E:\agent专用\study-dashboard\backend\.venv\Lib\site-packages\uvicorn\protocols\http\httptools_impl.py", line 422, in run_asgi
    result = await app(  # type: ignore[func-returns-value]
             ^^^^^^^^^^^^^^^^^^^^^^^^^^^^^^^^^^^^^^^^^^^^^^
  File "E:\agent专用\study-dashboard\backend\.venv\Lib\site-packages\uvicorn\middleware\proxy_headers.py", line 63, in __call__
    return await self.app(scope, receive, send)
           ^^^^^^^^^^^^^^^^^^^^^^^^^^^^^^^^^^^^
  File "E:\agent专用\study-dashboard\backend\.venv\Lib\site-packages\fastapi\applications.py", line 1163, in __call__
    await super().__call__(scope, receive, send)
  File "E:\agent专用\study-dashboard\backend\.venv\Lib\site-packages\starlette\applications.py", line 96, in __call__
    await self.middleware_stack(scope, receive, send)
  File "E:\agent专用\study-dashboard\backend\.venv\Lib\site-packages\starlette\middleware\errors.py", line 186, in __call__
    raise exc
  File "E:\agent专用\study-dashboard\backend\.venv\Lib\site-packages\starlette\middleware\errors.py", line 164, in __call__
    await self.app(scope, receive, _send)
  File "E:\agent专用\study-dashboard\backend\.venv\Lib\site-packages\starlette\middleware\cors.py", line 88, in __call__
    await self.app(scope, receive, send)
  File "E:\agent专用\study-dashboard\backend\.venv\Lib\site-packages\starlette\middleware\exceptions.py", line 63, in __call__
    await wrap_app_handling_exceptions(self.app, conn)(scope, receive, send)
  File "E:\agent专用\study-dashboard\backend\.venv\Lib\site-packages\starlette\_exception_handler.py", line 53, in wrapped_app
    raise exc
  File "E:\agent专用\study-dashboard\backend\.venv\Lib\site-packages\starlette\_exception_handler.py", line 42, in wrapped_app
    await app(scope, receive, sender)
  File "E:\agent专用\study-dashboard\backend\.venv\Lib\site-packages\fastapi\middleware\asyncexitstack.py", line 18, in __call__
    await self.app(scope, receive, send)
  File "E:\agent专用\study-dashboard\backend\.venv\Lib\site-packages\starlette\routing.py", line 670, in __call__
    await self.middleware_stack(scope, receive, send)
  File "E:\agent专用\study-dashboard\backend\.venv\Lib\site-packages\fastapi\routing.py", line 2734, in app
    await route.handle(scope, receive, send)
  File "E:\agent专用\study-dashboard\backend\.venv\Lib\site-packages\fastapi\routing.py", line 1780, in handle
    await self.original_router.handle(scope, receive, send)
  File "E:\agent专用\study-dashboard\backend\.venv\Lib\site-packages\fastapi\routing.py", line 2789, in handle
    await included_router._handle_selected(scope, receive, send)
  File "E:\agent专用\study-dashboard\backend\.venv\Lib\site-packages\fastapi\routing.py", line 1800, in _handle_selected
    await original_route.handle(scope, receive, send)
  File "E:\agent专用\study-dashboard\backend\.venv\Lib\site-packages\fastapi\routing.py", line 1279, in handle
    await app(scope, receive, send)
  File "E:\agent专用\study-dashboard\backend\.venv\Lib\site-packages\fastapi\routing.py", line 158, in app
    await wrap_app_handling_exceptions(app, request)(scope, receive, send)
  File "E:\agent专用\study-dashboard\backend\.venv\Lib\site-packages\starlette\_exception_handler.py", line 53, in wrapped_app
    raise exc
  File "E:\agent专用\study-dashboard\backend\.venv\Lib\site-packages\starlette\_exception_handler.py", line 42, in wrapped_app
    await app(scope, receive, sender)
  File "E:\agent专用\study-dashboard\backend\.venv\Lib\site-packages\fastapi\routing.py", line 144, in app
    response = await f(request)
               ^^^^^^^^^^^^^^^^
  File "E:\agent专用\study-dashboard\backend\.venv\Lib\site-packages\fastapi\routing.py", line 706, in app
    raw_response = await run_endpoint_function(
                   ^^^^^^^^^^^^^^^^^^^^^^^^^^^^
  File "E:\agent专用\study-dashboard\backend\.venv\Lib\site-packages\fastapi\routing.py", line 354, in run_endpoint_function
    return await run_in_threadpool(dependant.call, **values)
           ^^^^^^^^^^^^^^^^^^^^^^^^^^^^^^^^^^^^^^^^^^^^^^^^^
  File "E:\agent专用\study-dashboard\backend\.venv\Lib\site-packages\starlette\concurrency.py", line 34, in run_in_threadpool
    return await anyio.to_thread.run_sync(func)
           ^^^^^^^^^^^^^^^^^^^^^^^^^^^^^^^^^^^^
  File "E:\agent专用\study-dashboard\backend\.venv\Lib\site-packages\anyio\to_thread.py", line 65, in run_sync
    return await get_async_backend().run_sync_in_worker_thread(
           ^^^^^^^^^^^^^^^^^^^^^^^^^^^^^^^^^^^^^^^^^^^^^^^^^^^^
  File "E:\agent专用\study-dashboard\backend\.venv\Lib\site-packages\anyio\_backends\_asyncio.py", line 2641, in run_sync_in_worker_thread
    return await future
           ^^^^^^^^^^^^
  File "E:\agent专用\study-dashboard\backend\.venv\Lib\site-packages\anyio\_backends\_asyncio.py", line 1033, in run
    result = context.run(func, *args)
             ^^^^^^^^^^^^^^^^^^^^^^^^
  File "E:\agent专用\study-dashboard\backend\app\routers\tasks.py", line 81, in list_tasks
    return db.scalars(statement.order_by(Task.created_at.desc())).all()
           ^^^^^^^^^^^^^^^^^^^^^^^^^^^^^^^^^^^^^^^^^^^^^^^^^^^^^^
  File "E:\agent专用\study-dashboard\backend\.venv\Lib\site-packages\sqlalchemy\orm\session.py", line 2481, in scalars
    return self._execute_internal(
           ^^^^^^^^^^^^^^^^^^^^^^^
  File "E:\agent专用\study-dashboard\backend\.venv\Lib\site-packages\sqlalchemy\orm\session.py", line 2271, in _execute_internal
    result: Result[Any] = compile_state_cls.orm_execute_statement(
                          ^^^^^^^^^^^^^^^^^^^^^^^^^^^^^^^^^^^^^^^^
  File "E:\agent专用\study-dashboard\backend\.venv\Lib\site-packages\sqlalchemy\orm\context.py", line 306, in orm_execute_statement
    result = conn.execute(
             ^^^^^^^^^^^^^
  File "E:\agent专用\study-dashboard\backend\.venv\Lib\site-packages\sqlalchemy\engine\base.py", line 1421, in execute
    return meth(
           ^^^^^
  File "E:\agent专用\study-dashboard\backend\.venv\Lib\site-packages\sqlalchemy\sql\elements.py", line 526, in _execute_on_connection
    return connection._execute_clauseelement(
           ^^^^^^^^^^^^^^^^^^^^^^^^^^^^^^^^^^
  File "E:\agent专用\study-dashboard\backend\.venv\Lib\site-packages\sqlalchemy\engine\base.py", line 1643, in _execute_clauseelement
    ret = self._execute_context(
          ^^^^^^^^^^^^^^^^^^^^^^
  File "E:\agent专用\study-dashboard\backend\.venv\Lib\site-packages\sqlalchemy\engine\base.py", line 1848, in _execute_context
    return self._exec_single_context(
           ^^^^^^^^^^^^^^^^^^^^^^^^^^
  File "E:\agent专用\study-dashboard\backend\.venv\Lib\site-packages\sqlalchemy\engine\base.py", line 1988, in _exec_single_context
    self._handle_dbapi_exception(
  File "E:\agent专用\study-dashboard\backend\.venv\Lib\site-packages\sqlalchemy\engine\base.py", line 2365, in _handle_dbapi_exception
    raise sqlalchemy_exception.with_traceback(exc_info[2]) from e
  File "E:\agent专用\study-dashboard\backend\.venv\Lib\site-packages\sqlalchemy\engine\base.py", line 1969, in _exec_single_context
    self.dialect.do_execute(
  File "E:\agent专用\study-dashboard\backend\.venv\Lib\site-packages\sqlalchemy\engine\default.py", line 952, in do_execute
    cursor.execute(statement, parameters)
sqlalchemy.exc.OperationalError: (sqlite3.OperationalError) no such column: tasks.habit_days
[SQL: SELECT tasks.id, tasks.user_id, tasks.plan_id, tasks.title, tasks.subject, tasks.estimated_minutes, tasks.status, tasks.is_habit, tasks.habit_frequency, tasks.habit_days, tasks.created_at, tasks.completed_at 
FROM tasks 
WHERE tasks.user_id = ? ORDER BY tasks.created_at DESC]
[parameters: (3,)]
(Background on this error at: https://sqlalche.me/e/20/e3q8)
INFO:     127.0.0.1:54276 - "GET /api/habits HTTP/1.1" 500 Internal Server Error
ERROR:    Exception in ASGI application
Traceback (most recent call last):
  File "E:\agent专用\study-dashboard\backend\.venv\Lib\site-packages\sqlalchemy\engine\base.py", line 1969, in _exec_single_context
    self.dialect.do_execute(
  File "E:\agent专用\study-dashboard\backend\.venv\Lib\site-packages\sqlalchemy\engine\default.py", line 952, in do_execute
    cursor.execute(statement, parameters)
sqlite3.OperationalError: no such column: tasks.habit_days

The above exception was the direct cause of the following exception:

Traceback (most recent call last):
  File "E:\agent专用\study-dashboard\backend\.venv\Lib\site-packages\uvicorn\protocols\http\httptools_impl.py", line 422, in run_asgi
    result = await app(  # type: ignore[func-returns-value]
             ^^^^^^^^^^^^^^^^^^^^^^^^^^^^^^^^^^^^^^^^^^^^^^
  File "E:\agent专用\study-dashboard\backend\.venv\Lib\site-packages\uvicorn\middleware\proxy_headers.py", line 63, in __call__
    return await self.app(scope, receive, send)
           ^^^^^^^^^^^^^^^^^^^^^^^^^^^^^^^^^^^^
  File "E:\agent专用\study-dashboard\backend\.venv\Lib\site-packages\fastapi\applications.py", line 1163, in __call__
    await super().__call__(scope, receive, send)
  File "E:\agent专用\study-dashboard\backend\.venv\Lib\site-packages\starlette\applications.py", line 96, in __call__
    await self.middleware_stack(scope, receive, send)
  File "E:\agent专用\study-dashboard\backend\.venv\Lib\site-packages\starlette\middleware\errors.py", line 186, in __call__
    raise exc
  File "E:\agent专用\study-dashboard\backend\.venv\Lib\site-packages\starlette\middleware\errors.py", line 164, in __call__
    await self.app(scope, receive, _send)
  File "E:\agent专用\study-dashboard\backend\.venv\Lib\site-packages\starlette\middleware\cors.py", line 88, in __call__
    await self.app(scope, receive, send)
  File "E:\agent专用\study-dashboard\backend\.venv\Lib\site-packages\starlette\middleware\exceptions.py", line 63, in __call__
    await wrap_app_handling_exceptions(self.app, conn)(scope, receive, send)
  File "E:\agent专用\study-dashboard\backend\.venv\Lib\site-packages\starlette\_exception_handler.py", line 53, in wrapped_app
    raise exc
  File "E:\agent专用\study-dashboard\backend\.venv\Lib\site-packages\starlette\_exception_handler.py", line 42, in wrapped_app
    await app(scope, receive, sender)
  File "E:\agent专用\study-dashboard\backend\.venv\Lib\site-packages\fastapi\middleware\asyncexitstack.py", line 18, in __call__
    await self.app(scope, receive, send)
  File "E:\agent专用\study-dashboard\backend\.venv\Lib\site-packages\starlette\routing.py", line 670, in __call__
    await self.middleware_stack(scope, receive, send)
  File "E:\agent专用\study-dashboard\backend\.venv\Lib\site-packages\fastapi\routing.py", line 2734, in app
    await route.handle(scope, receive, send)
  File "E:\agent专用\study-dashboard\backend\.venv\Lib\site-packages\fastapi\routing.py", line 1780, in handle
    await self.original_router.handle(scope, receive, send)
  File "E:\agent专用\study-dashboard\backend\.venv\Lib\site-packages\fastapi\routing.py", line 2789, in handle
    await included_router._handle_selected(scope, receive, send)
  File "E:\agent专用\study-dashboard\backend\.venv\Lib\site-packages\fastapi\routing.py", line 1800, in _handle_selected
    await original_route.handle(scope, receive, send)
  File "E:\agent专用\study-dashboard\backend\.venv\Lib\site-packages\fastapi\routing.py", line 1279, in handle
    await app(scope, receive, send)
  File "E:\agent专用\study-dashboard\backend\.venv\Lib\site-packages\fastapi\routing.py", line 158, in app
    await wrap_app_handling_exceptions(app, request)(scope, receive, send)
  File "E:\agent专用\study-dashboard\backend\.venv\Lib\site-packages\starlette\_exception_handler.py", line 53, in wrapped_app
    raise exc
  File "E:\agent专用\study-dashboard\backend\.venv\Lib\site-packages\starlette\_exception_handler.py", line 42, in wrapped_app
    await app(scope, receive, sender)
  File "E:\agent专用\study-dashboard\backend\.venv\Lib\site-packages\fastapi\routing.py", line 144, in app
    response = await f(request)
               ^^^^^^^^^^^^^^^^
  File "E:\agent专用\study-dashboard\backend\.venv\Lib\site-packages\fastapi\routing.py", line 706, in app
    raw_response = await run_endpoint_function(
                   ^^^^^^^^^^^^^^^^^^^^^^^^^^^^
  File "E:\agent专用\study-dashboard\backend\.venv\Lib\site-packages\fastapi\routing.py", line 354, in run_endpoint_function
    return await run_in_threadpool(dependant.call, **values)
           ^^^^^^^^^^^^^^^^^^^^^^^^^^^^^^^^^^^^^^^^^^^^^^^^^
  File "E:\agent专用\study-dashboard\backend\.venv\Lib\site-packages\starlette\concurrency.py", line 34, in run_in_threadpool
    return await anyio.to_thread.run_sync(func)
           ^^^^^^^^^^^^^^^^^^^^^^^^^^^^^^^^^^^^
  File "E:\agent专用\study-dashboard\backend\.venv\Lib\site-packages\anyio\to_thread.py", line 65, in run_sync
    return await get_async_backend().run_sync_in_worker_thread(
           ^^^^^^^^^^^^^^^^^^^^^^^^^^^^^^^^^^^^^^^^^^^^^^^^^^^^
  File "E:\agent专用\study-dashboard\backend\.venv\Lib\site-packages\anyio\_backends\_asyncio.py", line 2641, in run_sync_in_worker_thread
    return await future
           ^^^^^^^^^^^^
  File "E:\agent专用\study-dashboard\backend\.venv\Lib\site-packages\anyio\_backends\_asyncio.py", line 1033, in run
    result = context.run(func, *args)
             ^^^^^^^^^^^^^^^^^^^^^^^^
  File "E:\agent专用\study-dashboard\backend\app\routers\habits.py", line 85, in list_habits
    tasks = db.scalars(
            ^^^^^^^^^^^
  File "E:\agent专用\study-dashboard\backend\.venv\Lib\site-packages\sqlalchemy\orm\session.py", line 2481, in scalars
    return self._execute_internal(
           ^^^^^^^^^^^^^^^^^^^^^^^
  File "E:\agent专用\study-dashboard\backend\.venv\Lib\site-packages\sqlalchemy\orm\session.py", line 2271, in _execute_internal
    result: Result[Any] = compile_state_cls.orm_execute_statement(
                          ^^^^^^^^^^^^^^^^^^^^^^^^^^^^^^^^^^^^^^^^
  File "E:\agent专用\study-dashboard\backend\.venv\Lib\site-packages\sqlalchemy\orm\context.py", line 306, in orm_execute_statement
    result = conn.execute(
             ^^^^^^^^^^^^^
  File "E:\agent专用\study-dashboard\backend\.venv\Lib\site-packages\sqlalchemy\engine\base.py", line 1421, in execute
    return meth(
           ^^^^^
  File "E:\agent专用\study-dashboard\backend\.venv\Lib\site-packages\sqlalchemy\sql\elements.py", line 526, in _execute_on_connection
    return connection._execute_clauseelement(
           ^^^^^^^^^^^^^^^^^^^^^^^^^^^^^^^^^^
  File "E:\agent专用\study-dashboard\backend\.venv\Lib\site-packages\sqlalchemy\engine\base.py", line 1643, in _execute_clauseelement
    ret = self._execute_context(
          ^^^^^^^^^^^^^^^^^^^^^^
  File "E:\agent专用\study-dashboard\backend\.venv\Lib\site-packages\sqlalchemy\engine\base.py", line 1848, in _execute_context
    return self._exec_single_context(
           ^^^^^^^^^^^^^^^^^^^^^^^^^^
  File "E:\agent专用\study-dashboard\backend\.venv\Lib\site-packages\sqlalchemy\engine\base.py", line 1988, in _exec_single_context
    self._handle_dbapi_exception(
  File "E:\agent专用\study-dashboard\backend\.venv\Lib\site-packages\sqlalchemy\engine\base.py", line 2365, in _handle_dbapi_exception
    raise sqlalchemy_exception.with_traceback(exc_info[2]) from e
  File "E:\agent专用\study-dashboard\backend\.venv\Lib\site-packages\sqlalchemy\engine\base.py", line 1969, in _exec_single_context
    self.dialect.do_execute(
  File "E:\agent专用\study-dashboard\backend\.venv\Lib\site-packages\sqlalchemy\engine\default.py", line 952, in do_execute
    cursor.execute(statement, parameters)
sqlalchemy.exc.OperationalError: (sqlite3.OperationalError) no such column: tasks.habit_days
[SQL: SELECT tasks.id, tasks.user_id, tasks.plan_id, tasks.title, tasks.subject, tasks.estimated_minutes, tasks.status, tasks.is_habit, tasks.habit_frequency, tasks.habit_days, tasks.created_at, tasks.completed_at 
FROM tasks 
WHERE tasks.user_id = ? AND tasks.is_habit IS 1 ORDER BY tasks.created_at DESC]
[parameters: (3,)]
(Background on this error at: https://sqlalche.me/e/20/e3q8)
INFO:     127.0.0.1:57422 - "GET /api/reviews?status=due HTTP/1.1" 200 OK
INFO:     127.0.0.1:58754 - "GET /api/math/tree HTTP/1.1" 200 OK
INFO:     127.0.0.1:58754 - "GET /api/tasks HTTP/1.1" 500 Internal Server Error
ERROR:    Exception in ASGI application
Traceback (most recent call last):
  File "E:\agent专用\study-dashboard\backend\.venv\Lib\site-packages\sqlalchemy\engine\base.py", line 1969, in _exec_single_context
    self.dialect.do_execute(
  File "E:\agent专用\study-dashboard\backend\.venv\Lib\site-packages\sqlalchemy\engine\default.py", line 952, in do_execute
    cursor.execute(statement, parameters)
sqlite3.OperationalError: no such column: tasks.habit_days

The above exception was the direct cause of the following exception:

Traceback (most recent call last):
  File "E:\agent专用\study-dashboard\backend\.venv\Lib\site-packages\uvicorn\protocols\http\httptools_impl.py", line 422, in run_asgi
    result = await app(  # type: ignore[func-returns-value]
             ^^^^^^^^^^^^^^^^^^^^^^^^^^^^^^^^^^^^^^^^^^^^^^
  File "E:\agent专用\study-dashboard\backend\.venv\Lib\site-packages\uvicorn\middleware\proxy_headers.py", line 63, in __call__
    return await self.app(scope, receive, send)
           ^^^^^^^^^^^^^^^^^^^^^^^^^^^^^^^^^^^^
  File "E:\agent专用\study-dashboard\backend\.venv\Lib\site-packages\fastapi\applications.py", line 1163, in __call__
    await super().__call__(scope, receive, send)
  File "E:\agent专用\study-dashboard\backend\.venv\Lib\site-packages\starlette\applications.py", line 96, in __call__
    await self.middleware_stack(scope, receive, send)
  File "E:\agent专用\study-dashboard\backend\.venv\Lib\site-packages\starlette\middleware\errors.py", line 186, in __call__
    raise exc
  File "E:\agent专用\study-dashboard\backend\.venv\Lib\site-packages\starlette\middleware\errors.py", line 164, in __call__
    await self.app(scope, receive, _send)
  File "E:\agent专用\study-dashboard\backend\.venv\Lib\site-packages\starlette\middleware\cors.py", line 88, in __call__
    await self.app(scope, receive, send)
  File "E:\agent专用\study-dashboard\backend\.venv\Lib\site-packages\starlette\middleware\exceptions.py", line 63, in __call__
    await wrap_app_handling_exceptions(self.app, conn)(scope, receive, send)
  File "E:\agent专用\study-dashboard\backend\.venv\Lib\site-packages\starlette\_exception_handler.py", line 53, in wrapped_app
    raise exc
  File "E:\agent专用\study-dashboard\backend\.venv\Lib\site-packages\starlette\_exception_handler.py", line 42, in wrapped_app
    await app(scope, receive, sender)
  File "E:\agent专用\study-dashboard\backend\.venv\Lib\site-packages\fastapi\middleware\asyncexitstack.py", line 18, in __call__
    await self.app(scope, receive, send)
  File "E:\agent专用\study-dashboard\backend\.venv\Lib\site-packages\starlette\routing.py", line 670, in __call__
    await self.middleware_stack(scope, receive, send)
  File "E:\agent专用\study-dashboard\backend\.venv\Lib\site-packages\fastapi\routing.py", line 2734, in app
    await route.handle(scope, receive, send)
  File "E:\agent专用\study-dashboard\backend\.venv\Lib\site-packages\fastapi\routing.py", line 1780, in handle
    await self.original_router.handle(scope, receive, send)
  File "E:\agent专用\study-dashboard\backend\.venv\Lib\site-packages\fastapi\routing.py", line 2789, in handle
    await included_router._handle_selected(scope, receive, send)
  File "E:\agent专用\study-dashboard\backend\.venv\Lib\site-packages\fastapi\routing.py", line 1800, in _handle_selected
    await original_route.handle(scope, receive, send)
  File "E:\agent专用\study-dashboard\backend\.venv\Lib\site-packages\fastapi\routing.py", line 1279, in handle
    await app(scope, receive, send)
  File "E:\agent专用\study-dashboard\backend\.venv\Lib\site-packages\fastapi\routing.py", line 158, in app
    await wrap_app_handling_exceptions(app, request)(scope, receive, send)
  File "E:\agent专用\study-dashboard\backend\.venv\Lib\site-packages\starlette\_exception_handler.py", line 53, in wrapped_app
    raise exc
  File "E:\agent专用\study-dashboard\backend\.venv\Lib\site-packages\starlette\_exception_handler.py", line 42, in wrapped_app
    await app(scope, receive, sender)
  File "E:\agent专用\study-dashboard\backend\.venv\Lib\site-packages\fastapi\routing.py", line 144, in app
    response = await f(request)
               ^^^^^^^^^^^^^^^^
  File "E:\agent专用\study-dashboard\backend\.venv\Lib\site-packages\fastapi\routing.py", line 706, in app
    raw_response = await run_endpoint_function(
                   ^^^^^^^^^^^^^^^^^^^^^^^^^^^^
  File "E:\agent专用\study-dashboard\backend\.venv\Lib\site-packages\fastapi\routing.py", line 354, in run_endpoint_function
    return await run_in_threadpool(dependant.call, **values)
           ^^^^^^^^^^^^^^^^^^^^^^^^^^^^^^^^^^^^^^^^^^^^^^^^^
  File "E:\agent专用\study-dashboard\backend\.venv\Lib\site-packages\starlette\concurrency.py", line 34, in run_in_threadpool
    return await anyio.to_thread.run_sync(func)
           ^^^^^^^^^^^^^^^^^^^^^^^^^^^^^^^^^^^^
  File "E:\agent专用\study-dashboard\backend\.venv\Lib\site-packages\anyio\to_thread.py", line 65, in run_sync
    return await get_async_backend().run_sync_in_worker_thread(
           ^^^^^^^^^^^^^^^^^^^^^^^^^^^^^^^^^^^^^^^^^^^^^^^^^^^^
  File "E:\agent专用\study-dashboard\backend\.venv\Lib\site-packages\anyio\_backends\_asyncio.py", line 2641, in run_sync_in_worker_thread
    return await future
           ^^^^^^^^^^^^
  File "E:\agent专用\study-dashboard\backend\.venv\Lib\site-packages\anyio\_backends\_asyncio.py", line 1033, in run
    result = context.run(func, *args)
             ^^^^^^^^^^^^^^^^^^^^^^^^
  File "E:\agent专用\study-dashboard\backend\app\routers\tasks.py", line 81, in list_tasks
    return db.scalars(statement.order_by(Task.created_at.desc())).all()
           ^^^^^^^^^^^^^^^^^^^^^^^^^^^^^^^^^^^^^^^^^^^^^^^^^^^^^^
  File "E:\agent专用\study-dashboard\backend\.venv\Lib\site-packages\sqlalchemy\orm\session.py", line 2481, in scalars
    return self._execute_internal(
           ^^^^^^^^^^^^^^^^^^^^^^^
  File "E:\agent专用\study-dashboard\backend\.venv\Lib\site-packages\sqlalchemy\orm\session.py", line 2271, in _execute_internal
    result: Result[Any] = compile_state_cls.orm_execute_statement(
                          ^^^^^^^^^^^^^^^^^^^^^^^^^^^^^^^^^^^^^^^^
  File "E:\agent专用\study-dashboard\backend\.venv\Lib\site-packages\sqlalchemy\orm\context.py", line 306, in orm_execute_statement
    result = conn.execute(
             ^^^^^^^^^^^^^
  File "E:\agent专用\study-dashboard\backend\.venv\Lib\site-packages\sqlalchemy\engine\base.py", line 1421, in execute
    return meth(
           ^^^^^
  File "E:\agent专用\study-dashboard\backend\.venv\Lib\site-packages\sqlalchemy\sql\elements.py", line 526, in _execute_on_connection
    return connection._execute_clauseelement(
           ^^^^^^^^^^^^^^^^^^^^^^^^^^^^^^^^^^
  File "E:\agent专用\study-dashboard\backend\.venv\Lib\site-packages\sqlalchemy\engine\base.py", line 1643, in _execute_clauseelement
    ret = self._execute_context(
          ^^^^^^^^^^^^^^^^^^^^^^
  File "E:\agent专用\study-dashboard\backend\.venv\Lib\site-packages\sqlalchemy\engine\base.py", line 1848, in _execute_context
    return self._exec_single_context(
           ^^^^^^^^^^^^^^^^^^^^^^^^^^
  File "E:\agent专用\study-dashboard\backend\.venv\Lib\site-packages\sqlalchemy\engine\base.py", line 1988, in _exec_single_context
    self._handle_dbapi_exception(
  File "E:\agent专用\study-dashboard\backend\.venv\Lib\site-packages\sqlalchemy\engine\base.py", line 2365, in _handle_dbapi_exception
    raise sqlalchemy_exception.with_traceback(exc_info[2]) from e
  File "E:\agent专用\study-dashboard\backend\.venv\Lib\site-packages\sqlalchemy\engine\base.py", line 1969, in _exec_single_context
    self.dialect.do_execute(
  File "E:\agent专用\study-dashboard\backend\.venv\Lib\site-packages\sqlalchemy\engine\default.py", line 952, in do_execute
    cursor.execute(statement, parameters)
sqlalchemy.exc.OperationalError: (sqlite3.OperationalError) no such column: tasks.habit_days
[SQL: SELECT tasks.id, tasks.user_id, tasks.plan_id, tasks.title, tasks.subject, tasks.estimated_minutes, tasks.status, tasks.is_habit, tasks.habit_frequency, tasks.habit_days, tasks.created_at, tasks.completed_at 
FROM tasks 
WHERE tasks.user_id = ? ORDER BY tasks.created_at DESC]
[parameters: (3,)]
(Background on this error at: https://sqlalche.me/e/20/e3q8)
INFO:     127.0.0.1:57422 - "GET /api/habits HTTP/1.1" 500 Internal Server Error
ERROR:    Exception in ASGI application
Traceback (most recent call last):
  File "E:\agent专用\study-dashboard\backend\.venv\Lib\site-packages\sqlalchemy\engine\base.py", line 1969, in _exec_single_context
    self.dialect.do_execute(
  File "E:\agent专用\study-dashboard\backend\.venv\Lib\site-packages\sqlalchemy\engine\default.py", line 952, in do_execute
    cursor.execute(statement, parameters)
sqlite3.OperationalError: no such column: tasks.habit_days

The above exception was the direct cause of the following exception:

Traceback (most recent call last):
  File "E:\agent专用\study-dashboard\backend\.venv\Lib\site-packages\uvicorn\protocols\http\httptools_impl.py", line 422, in run_asgi
    result = await app(  # type: ignore[func-returns-value]
             ^^^^^^^^^^^^^^^^^^^^^^^^^^^^^^^^^^^^^^^^^^^^^^
  File "E:\agent专用\study-dashboard\backend\.venv\Lib\site-packages\uvicorn\middleware\proxy_headers.py", line 63, in __call__
    return await self.app(scope, receive, send)
           ^^^^^^^^^^^^^^^^^^^^^^^^^^^^^^^^^^^^
  File "E:\agent专用\study-dashboard\backend\.venv\Lib\site-packages\fastapi\applications.py", line 1163, in __call__
    await super().__call__(scope, receive, send)
  File "E:\agent专用\study-dashboard\backend\.venv\Lib\site-packages\starlette\applications.py", line 96, in __call__
    await self.middleware_stack(scope, receive, send)
  File "E:\agent专用\study-dashboard\backend\.venv\Lib\site-packages\starlette\middleware\errors.py", line 186, in __call__
    raise exc
  File "E:\agent专用\study-dashboard\backend\.venv\Lib\site-packages\starlette\middleware\errors.py", line 164, in __call__
    await self.app(scope, receive, _send)
  File "E:\agent专用\study-dashboard\backend\.venv\Lib\site-packages\starlette\middleware\cors.py", line 88, in __call__
    await self.app(scope, receive, send)
  File "E:\agent专用\study-dashboard\backend\.venv\Lib\site-packages\starlette\middleware\exceptions.py", line 63, in __call__
    await wrap_app_handling_exceptions(self.app, conn)(scope, receive, send)
  File "E:\agent专用\study-dashboard\backend\.venv\Lib\site-packages\starlette\_exception_handler.py", line 53, in wrapped_app
    raise exc
  File "E:\agent专用\study-dashboard\backend\.venv\Lib\site-packages\starlette\_exception_handler.py", line 42, in wrapped_app
    await app(scope, receive, sender)
  File "E:\agent专用\study-dashboard\backend\.venv\Lib\site-packages\fastapi\middleware\asyncexitstack.py", line 18, in __call__
    await self.app(scope, receive, send)
  File "E:\agent专用\study-dashboard\backend\.venv\Lib\site-packages\starlette\routing.py", line 670, in __call__
    await self.middleware_stack(scope, receive, send)
  File "E:\agent专用\study-dashboard\backend\.venv\Lib\site-packages\fastapi\routing.py", line 2734, in app
    await route.handle(scope, receive, send)
  File "E:\agent专用\study-dashboard\backend\.venv\Lib\site-packages\fastapi\routing.py", line 1780, in handle
    await self.original_router.handle(scope, receive, send)
  File "E:\agent专用\study-dashboard\backend\.venv\Lib\site-packages\fastapi\routing.py", line 2789, in handle
    await included_router._handle_selected(scope, receive, send)
  File "E:\agent专用\study-dashboard\backend\.venv\Lib\site-packages\fastapi\routing.py", line 1800, in _handle_selected
    await original_route.handle(scope, receive, send)
  File "E:\agent专用\study-dashboard\backend\.venv\Lib\site-packages\fastapi\routing.py", line 1279, in handle
    await app(scope, receive, send)
  File "E:\agent专用\study-dashboard\backend\.venv\Lib\site-packages\fastapi\routing.py", line 158, in app
    await wrap_app_handling_exceptions(app, request)(scope, receive, send)
  File "E:\agent专用\study-dashboard\backend\.venv\Lib\site-packages\starlette\_exception_handler.py", line 53, in wrapped_app
    raise exc
  File "E:\agent专用\study-dashboard\backend\.venv\Lib\site-packages\starlette\_exception_handler.py", line 42, in wrapped_app
    await app(scope, receive, sender)
  File "E:\agent专用\study-dashboard\backend\.venv\Lib\site-packages\fastapi\routing.py", line 144, in app
    response = await f(request)
               ^^^^^^^^^^^^^^^^
  File "E:\agent专用\study-dashboard\backend\.venv\Lib\site-packages\fastapi\routing.py", line 706, in app
    raw_response = await run_endpoint_function(
                   ^^^^^^^^^^^^^^^^^^^^^^^^^^^^
  File "E:\agent专用\study-dashboard\backend\.venv\Lib\site-packages\fastapi\routing.py", line 354, in run_endpoint_function
    return await run_in_threadpool(dependant.call, **values)
           ^^^^^^^^^^^^^^^^^^^^^^^^^^^^^^^^^^^^^^^^^^^^^^^^^
  File "E:\agent专用\study-dashboard\backend\.venv\Lib\site-packages\starlette\concurrency.py", line 34, in run_in_threadpool
    return await anyio.to_thread.run_sync(func)
           ^^^^^^^^^^^^^^^^^^^^^^^^^^^^^^^^^^^^
  File "E:\agent专用\study-dashboard\backend\.venv\Lib\site-packages\anyio\to_thread.py", line 65, in run_sync
    return await get_async_backend().run_sync_in_worker_thread(
           ^^^^^^^^^^^^^^^^^^^^^^^^^^^^^^^^^^^^^^^^^^^^^^^^^^^^
  File "E:\agent专用\study-dashboard\backend\.venv\Lib\site-packages\anyio\_backends\_asyncio.py", line 2641, in run_sync_in_worker_thread
    return await future
           ^^^^^^^^^^^^
  File "E:\agent专用\study-dashboard\backend\.venv\Lib\site-packages\anyio\_backends\_asyncio.py", line 1033, in run
    result = context.run(func, *args)
             ^^^^^^^^^^^^^^^^^^^^^^^^
  File "E:\agent专用\study-dashboard\backend\app\routers\habits.py", line 85, in list_habits
    tasks = db.scalars(
            ^^^^^^^^^^^
  File "E:\agent专用\study-dashboard\backend\.venv\Lib\site-packages\sqlalchemy\orm\session.py", line 2481, in scalars
    return self._execute_internal(
           ^^^^^^^^^^^^^^^^^^^^^^^
  File "E:\agent专用\study-dashboard\backend\.venv\Lib\site-packages\sqlalchemy\orm\session.py", line 2271, in _execute_internal
    result: Result[Any] = compile_state_cls.orm_execute_statement(
                          ^^^^^^^^^^^^^^^^^^^^^^^^^^^^^^^^^^^^^^^^
  File "E:\agent专用\study-dashboard\backend\.venv\Lib\site-packages\sqlalchemy\orm\context.py", line 306, in orm_execute_statement
    result = conn.execute(
             ^^^^^^^^^^^^^
  File "E:\agent专用\study-dashboard\backend\.venv\Lib\site-packages\sqlalchemy\engine\base.py", line 1421, in execute
    return meth(
           ^^^^^
  File "E:\agent专用\study-dashboard\backend\.venv\Lib\site-packages\sqlalchemy\sql\elements.py", line 526, in _execute_on_connection
    return connection._execute_clauseelement(
           ^^^^^^^^^^^^^^^^^^^^^^^^^^^^^^^^^^
  File "E:\agent专用\study-dashboard\backend\.venv\Lib\site-packages\sqlalchemy\engine\base.py", line 1643, in _execute_clauseelement
    ret = self._execute_context(
          ^^^^^^^^^^^^^^^^^^^^^^
  File "E:\agent专用\study-dashboard\backend\.venv\Lib\site-packages\sqlalchemy\engine\base.py", line 1848, in _execute_context
    return self._exec_single_context(
           ^^^^^^^^^^^^^^^^^^^^^^^^^^
  File "E:\agent专用\study-dashboard\backend\.venv\Lib\site-packages\sqlalchemy\engine\base.py", line 1988, in _exec_single_context
    self._handle_dbapi_exception(
  File "E:\agent专用\study-dashboard\backend\.venv\Lib\site-packages\sqlalchemy\engine\base.py", line 2365, in _handle_dbapi_exception
    raise sqlalchemy_exception.with_traceback(exc_info[2]) from e
  File "E:\agent专用\study-dashboard\backend\.venv\Lib\site-packages\sqlalchemy\engine\base.py", line 1969, in _exec_single_context
    self.dialect.do_execute(
  File "E:\agent专用\study-dashboard\backend\.venv\Lib\site-packages\sqlalchemy\engine\default.py", line 952, in do_execute
    cursor.execute(statement, parameters)
sqlalchemy.exc.OperationalError: (sqlite3.OperationalError) no such column: tasks.habit_days
[SQL: SELECT tasks.id, tasks.user_id, tasks.plan_id, tasks.title, tasks.subject, tasks.estimated_minutes, tasks.status, tasks.is_habit, tasks.habit_frequency, tasks.habit_days, tasks.created_at, tasks.completed_at 
FROM tasks 
WHERE tasks.user_id = ? AND tasks.is_habit IS 1 ORDER BY tasks.created_at DESC]
[parameters: (3,)]
(Background on this error at: https://sqlalche.me/e/20/e3q8)
INFO:     127.0.0.1:49210 - "GET /api/ai/config HTTP/1.1" 200 OK
INFO:     127.0.0.1:55378 - "GET /api/plan-templates HTTP/1.1" 200 OK
INFO:     127.0.0.1:55378 - "GET /api/plans HTTP/1.1" 200 OK
INFO:     127.0.0.1:55378 - "GET /api/tasks HTTP/1.1" 500 Internal Server Error
ERROR:    Exception in ASGI application
Traceback (most recent call last):
  File "E:\agent专用\study-dashboard\backend\.venv\Lib\site-packages\sqlalchemy\engine\base.py", line 1969, in _exec_single_context
    self.dialect.do_execute(
  File "E:\agent专用\study-dashboard\backend\.venv\Lib\site-packages\sqlalchemy\engine\default.py", line 952, in do_execute
    cursor.execute(statement, parameters)
sqlite3.OperationalError: no such column: tasks.habit_days

The above exception was the direct cause of the following exception:

Traceback (most recent call last):
  File "E:\agent专用\study-dashboard\backend\.venv\Lib\site-packages\uvicorn\protocols\http\httptools_impl.py", line 422, in run_asgi
    result = await app(  # type: ignore[func-returns-value]
             ^^^^^^^^^^^^^^^^^^^^^^^^^^^^^^^^^^^^^^^^^^^^^^
  File "E:\agent专用\study-dashboard\backend\.venv\Lib\site-packages\uvicorn\middleware\proxy_headers.py", line 63, in __call__
    return await self.app(scope, receive, send)
           ^^^^^^^^^^^^^^^^^^^^^^^^^^^^^^^^^^^^
  File "E:\agent专用\study-dashboard\backend\.venv\Lib\site-packages\fastapi\applications.py", line 1163, in __call__
    await super().__call__(scope, receive, send)
  File "E:\agent专用\study-dashboard\backend\.venv\Lib\site-packages\starlette\applications.py", line 96, in __call__
    await self.middleware_stack(scope, receive, send)
  File "E:\agent专用\study-dashboard\backend\.venv\Lib\site-packages\starlette\middleware\errors.py", line 186, in __call__
    raise exc
  File "E:\agent专用\study-dashboard\backend\.venv\Lib\site-packages\starlette\middleware\errors.py", line 164, in __call__
    await self.app(scope, receive, _send)
  File "E:\agent专用\study-dashboard\backend\.venv\Lib\site-packages\starlette\middleware\cors.py", line 88, in __call__
    await self.app(scope, receive, send)
  File "E:\agent专用\study-dashboard\backend\.venv\Lib\site-packages\starlette\middleware\exceptions.py", line 63, in __call__
    await wrap_app_handling_exceptions(self.app, conn)(scope, receive, send)
  File "E:\agent专用\study-dashboard\backend\.venv\Lib\site-packages\starlette\_exception_handler.py", line 53, in wrapped_app
    raise exc
  File "E:\agent专用\study-dashboard\backend\.venv\Lib\site-packages\starlette\_exception_handler.py", line 42, in wrapped_app
    await app(scope, receive, sender)
  File "E:\agent专用\study-dashboard\backend\.venv\Lib\site-packages\fastapi\middleware\asyncexitstack.py", line 18, in __call__
    await self.app(scope, receive, send)
  File "E:\agent专用\study-dashboard\backend\.venv\Lib\site-packages\starlette\routing.py", line 670, in __call__
    await self.middleware_stack(scope, receive, send)
  File "E:\agent专用\study-dashboard\backend\.venv\Lib\site-packages\fastapi\routing.py", line 2734, in app
    await route.handle(scope, receive, send)
  File "E:\agent专用\study-dashboard\backend\.venv\Lib\site-packages\fastapi\routing.py", line 1780, in handle
    await self.original_router.handle(scope, receive, send)
  File "E:\agent专用\study-dashboard\backend\.venv\Lib\site-packages\fastapi\routing.py", line 2789, in handle
    await included_router._handle_selected(scope, receive, send)
  File "E:\agent专用\study-dashboard\backend\.venv\Lib\site-packages\fastapi\routing.py", line 1800, in _handle_selected
    await original_route.handle(scope, receive, send)
  File "E:\agent专用\study-dashboard\backend\.venv\Lib\site-packages\fastapi\routing.py", line 1279, in handle
    await app(scope, receive, send)
  File "E:\agent专用\study-dashboard\backend\.venv\Lib\site-packages\fastapi\routing.py", line 158, in app
    await wrap_app_handling_exceptions(app, request)(scope, receive, send)
  File "E:\agent专用\study-dashboard\backend\.venv\Lib\site-packages\starlette\_exception_handler.py", line 53, in wrapped_app
    raise exc
  File "E:\agent专用\study-dashboard\backend\.venv\Lib\site-packages\starlette\_exception_handler.py", line 42, in wrapped_app
    await app(scope, receive, sender)
  File "E:\agent专用\study-dashboard\backend\.venv\Lib\site-packages\fastapi\routing.py", line 144, in app
    response = await f(request)
               ^^^^^^^^^^^^^^^^
  File "E:\agent专用\study-dashboard\backend\.venv\Lib\site-packages\fastapi\routing.py", line 706, in app
    raw_response = await run_endpoint_function(
                   ^^^^^^^^^^^^^^^^^^^^^^^^^^^^
  File "E:\agent专用\study-dashboard\backend\.venv\Lib\site-packages\fastapi\routing.py", line 354, in run_endpoint_function
    return await run_in_threadpool(dependant.call, **values)
           ^^^^^^^^^^^^^^^^^^^^^^^^^^^^^^^^^^^^^^^^^^^^^^^^^
  File "E:\agent专用\study-dashboard\backend\.venv\Lib\site-packages\starlette\concurrency.py", line 34, in run_in_threadpool
    return await anyio.to_thread.run_sync(func)
           ^^^^^^^^^^^^^^^^^^^^^^^^^^^^^^^^^^^^
  File "E:\agent专用\study-dashboard\backend\.venv\Lib\site-packages\anyio\to_thread.py", line 65, in run_sync
    return await get_async_backend().run_sync_in_worker_thread(
           ^^^^^^^^^^^^^^^^^^^^^^^^^^^^^^^^^^^^^^^^^^^^^^^^^^^^
  File "E:\agent专用\study-dashboard\backend\.venv\Lib\site-packages\anyio\_backends\_asyncio.py", line 2641, in run_sync_in_worker_thread
    return await future
           ^^^^^^^^^^^^
  File "E:\agent专用\study-dashboard\backend\.venv\Lib\site-packages\anyio\_backends\_asyncio.py", line 1033, in run
    result = context.run(func, *args)
             ^^^^^^^^^^^^^^^^^^^^^^^^
  File "E:\agent专用\study-dashboard\backend\app\routers\tasks.py", line 81, in list_tasks
    return db.scalars(statement.order_by(Task.created_at.desc())).all()
           ^^^^^^^^^^^^^^^^^^^^^^^^^^^^^^^^^^^^^^^^^^^^^^^^^^^^^^
  File "E:\agent专用\study-dashboard\backend\.venv\Lib\site-packages\sqlalchemy\orm\session.py", line 2481, in scalars
    return self._execute_internal(
           ^^^^^^^^^^^^^^^^^^^^^^^
  File "E:\agent专用\study-dashboard\backend\.venv\Lib\site-packages\sqlalchemy\orm\session.py", line 2271, in _execute_internal
    result: Result[Any] = compile_state_cls.orm_execute_statement(
                          ^^^^^^^^^^^^^^^^^^^^^^^^^^^^^^^^^^^^^^^^
  File "E:\agent专用\study-dashboard\backend\.venv\Lib\site-packages\sqlalchemy\orm\context.py", line 306, in orm_execute_statement
    result = conn.execute(
             ^^^^^^^^^^^^^
  File "E:\agent专用\study-dashboard\backend\.venv\Lib\site-packages\sqlalchemy\engine\base.py", line 1421, in execute
    return meth(
           ^^^^^
  File "E:\agent专用\study-dashboard\backend\.venv\Lib\site-packages\sqlalchemy\sql\elements.py", line 526, in _execute_on_connection
    return connection._execute_clauseelement(
           ^^^^^^^^^^^^^^^^^^^^^^^^^^^^^^^^^^
  File "E:\agent专用\study-dashboard\backend\.venv\Lib\site-packages\sqlalchemy\engine\base.py", line 1643, in _execute_clauseelement
    ret = self._execute_context(
          ^^^^^^^^^^^^^^^^^^^^^^
  File "E:\agent专用\study-dashboard\backend\.venv\Lib\site-packages\sqlalchemy\engine\base.py", line 1848, in _execute_context
    return self._exec_single_context(
           ^^^^^^^^^^^^^^^^^^^^^^^^^^
  File "E:\agent专用\study-dashboard\backend\.venv\Lib\site-packages\sqlalchemy\engine\base.py", line 1988, in _exec_single_context
    self._handle_dbapi_exception(
  File "E:\agent专用\study-dashboard\backend\.venv\Lib\site-packages\sqlalchemy\engine\base.py", line 2365, in _handle_dbapi_exception
    raise sqlalchemy_exception.with_traceback(exc_info[2]) from e
  File "E:\agent专用\study-dashboard\backend\.venv\Lib\site-packages\sqlalchemy\engine\base.py", line 1969, in _exec_single_context
    self.dialect.do_execute(
  File "E:\agent专用\study-dashboard\backend\.venv\Lib\site-packages\sqlalchemy\engine\default.py", line 952, in do_execute
    cursor.execute(statement, parameters)
sqlalchemy.exc.OperationalError: (sqlite3.OperationalError) no such column: tasks.habit_days
[SQL: SELECT tasks.id, tasks.user_id, tasks.plan_id, tasks.title, tasks.subject, tasks.estimated_minutes, tasks.status, tasks.is_habit, tasks.habit_frequency, tasks.habit_days, tasks.created_at, tasks.completed_at 
FROM tasks 
WHERE tasks.user_id = ? ORDER BY tasks.created_at DESC]
[parameters: (3,)]
(Background on this error at: https://sqlalche.me/e/20/e3q8)
INFO:     127.0.0.1:57081 - "GET /api/health HTTP/1.1" 200 OK
INFO:     127.0.0.1:57081 - "GET /api/math/tree HTTP/1.1" 200 OK
INFO:     127.0.0.1:61049 - "GET /api/stats/trend?days=7 HTTP/1.1" 200 OK
INFO:     127.0.0.1:57081 - "GET /api/stats/today HTTP/1.1" 500 Internal Server Error
ERROR:    Exception in ASGI application
Traceback (most recent call last):
  File "E:\agent专用\study-dashboard\backend\.venv\Lib\site-packages\sqlalchemy\engine\base.py", line 1969, in _exec_single_context
    self.dialect.do_execute(
  File "E:\agent专用\study-dashboard\backend\.venv\Lib\site-packages\sqlalchemy\engine\default.py", line 952, in do_execute
    cursor.execute(statement, parameters)
sqlite3.OperationalError: no such column: tasks.habit_days

The above exception was the direct cause of the following exception:

Traceback (most recent call last):
  File "E:\agent专用\study-dashboard\backend\.venv\Lib\site-packages\uvicorn\protocols\http\httptools_impl.py", line 422, in run_asgi
    result = await app(  # type: ignore[func-returns-value]
             ^^^^^^^^^^^^^^^^^^^^^^^^^^^^^^^^^^^^^^^^^^^^^^
  File "E:\agent专用\study-dashboard\backend\.venv\Lib\site-packages\uvicorn\middleware\proxy_headers.py", line 63, in __call__
    return await self.app(scope, receive, send)
           ^^^^^^^^^^^^^^^^^^^^^^^^^^^^^^^^^^^^
  File "E:\agent专用\study-dashboard\backend\.venv\Lib\site-packages\fastapi\applications.py", line 1163, in __call__
    await super().__call__(scope, receive, send)
  File "E:\agent专用\study-dashboard\backend\.venv\Lib\site-packages\starlette\applications.py", line 96, in __call__
    await self.middleware_stack(scope, receive, send)
  File "E:\agent专用\study-dashboard\backend\.venv\Lib\site-packages\starlette\middleware\errors.py", line 186, in __call__
    raise exc
  File "E:\agent专用\study-dashboard\backend\.venv\Lib\site-packages\starlette\middleware\errors.py", line 164, in __call__
    await self.app(scope, receive, _send)
  File "E:\agent专用\study-dashboard\backend\.venv\Lib\site-packages\starlette\middleware\cors.py", line 88, in __call__
    await self.app(scope, receive, send)
  File "E:\agent专用\study-dashboard\backend\.venv\Lib\site-packages\starlette\middleware\exceptions.py", line 63, in __call__
    await wrap_app_handling_exceptions(self.app, conn)(scope, receive, send)
  File "E:\agent专用\study-dashboard\backend\.venv\Lib\site-packages\starlette\_exception_handler.py", line 53, in wrapped_app
    raise exc
  File "E:\agent专用\study-dashboard\backend\.venv\Lib\site-packages\starlette\_exception_handler.py", line 42, in wrapped_app
    await app(scope, receive, sender)
  File "E:\agent专用\study-dashboard\backend\.venv\Lib\site-packages\fastapi\middleware\asyncexitstack.py", line 18, in __call__
    await self.app(scope, receive, send)
  File "E:\agent专用\study-dashboard\backend\.venv\Lib\site-packages\starlette\routing.py", line 670, in __call__
    await self.middleware_stack(scope, receive, send)
  File "E:\agent专用\study-dashboard\backend\.venv\Lib\site-packages\fastapi\routing.py", line 2734, in app
    await route.handle(scope, receive, send)
  File "E:\agent专用\study-dashboard\backend\.venv\Lib\site-packages\fastapi\routing.py", line 1780, in handle
    await self.original_router.handle(scope, receive, send)
  File "E:\agent专用\study-dashboard\backend\.venv\Lib\site-packages\fastapi\routing.py", line 2789, in handle
    await included_router._handle_selected(scope, receive, send)
  File "E:\agent专用\study-dashboard\backend\.venv\Lib\site-packages\fastapi\routing.py", line 1800, in _handle_selected
    await original_route.handle(scope, receive, send)
  File "E:\agent专用\study-dashboard\backend\.venv\Lib\site-packages\fastapi\routing.py", line 1279, in handle
    await app(scope, receive, send)
  File "E:\agent专用\study-dashboard\backend\.venv\Lib\site-packages\fastapi\routing.py", line 158, in app
    await wrap_app_handling_exceptions(app, request)(scope, receive, send)
  File "E:\agent专用\study-dashboard\backend\.venv\Lib\site-packages\starlette\_exception_handler.py", line 53, in wrapped_app
    raise exc
  File "E:\agent专用\study-dashboard\backend\.venv\Lib\site-packages\starlette\_exception_handler.py", line 42, in wrapped_app
    await app(scope, receive, sender)
  File "E:\agent专用\study-dashboard\backend\.venv\Lib\site-packages\fastapi\routing.py", line 144, in app
    response = await f(request)
               ^^^^^^^^^^^^^^^^
  File "E:\agent专用\study-dashboard\backend\.venv\Lib\site-packages\fastapi\routing.py", line 706, in app
    raw_response = await run_endpoint_function(
                   ^^^^^^^^^^^^^^^^^^^^^^^^^^^^
  File "E:\agent专用\study-dashboard\backend\.venv\Lib\site-packages\fastapi\routing.py", line 354, in run_endpoint_function
    return await run_in_threadpool(dependant.call, **values)
           ^^^^^^^^^^^^^^^^^^^^^^^^^^^^^^^^^^^^^^^^^^^^^^^^^
  File "E:\agent专用\study-dashboard\backend\.venv\Lib\site-packages\starlette\concurrency.py", line 34, in run_in_threadpool
    return await anyio.to_thread.run_sync(func)
           ^^^^^^^^^^^^^^^^^^^^^^^^^^^^^^^^^^^^
  File "E:\agent专用\study-dashboard\backend\.venv\Lib\site-packages\anyio\to_thread.py", line 65, in run_sync
    return await get_async_backend().run_sync_in_worker_thread(
           ^^^^^^^^^^^^^^^^^^^^^^^^^^^^^^^^^^^^^^^^^^^^^^^^^^^^
  File "E:\agent专用\study-dashboard\backend\.venv\Lib\site-packages\anyio\_backends\_asyncio.py", line 2641, in run_sync_in_worker_thread
    return await future
           ^^^^^^^^^^^^
  File "E:\agent专用\study-dashboard\backend\.venv\Lib\site-packages\anyio\_backends\_asyncio.py", line 1033, in run
    result = context.run(func, *args)
             ^^^^^^^^^^^^^^^^^^^^^^^^
  File "E:\agent专用\study-dashboard\backend\app\routers\stats.py", line 36, in today_stats
    tasks_done = db.scalars(
                 ^^^^^^^^^^^
  File "E:\agent专用\study-dashboard\backend\.venv\Lib\site-packages\sqlalchemy\orm\session.py", line 2481, in scalars
    return self._execute_internal(
           ^^^^^^^^^^^^^^^^^^^^^^^
  File "E:\agent专用\study-dashboard\backend\.venv\Lib\site-packages\sqlalchemy\orm\session.py", line 2271, in _execute_internal
    result: Result[Any] = compile_state_cls.orm_execute_statement(
                          ^^^^^^^^^^^^^^^^^^^^^^^^^^^^^^^^^^^^^^^^
  File "E:\agent专用\study-dashboard\backend\.venv\Lib\site-packages\sqlalchemy\orm\context.py", line 306, in orm_execute_statement
    result = conn.execute(
             ^^^^^^^^^^^^^
  File "E:\agent专用\study-dashboard\backend\.venv\Lib\site-packages\sqlalchemy\engine\base.py", line 1421, in execute
    return meth(
           ^^^^^
  File "E:\agent专用\study-dashboard\backend\.venv\Lib\site-packages\sqlalchemy\sql\elements.py", line 526, in _execute_on_connection
    return connection._execute_clauseelement(
           ^^^^^^^^^^^^^^^^^^^^^^^^^^^^^^^^^^
  File "E:\agent专用\study-dashboard\backend\.venv\Lib\site-packages\sqlalchemy\engine\base.py", line 1643, in _execute_clauseelement
    ret = self._execute_context(
          ^^^^^^^^^^^^^^^^^^^^^^
  File "E:\agent专用\study-dashboard\backend\.venv\Lib\site-packages\sqlalchemy\engine\base.py", line 1848, in _execute_context
    return self._exec_single_context(
           ^^^^^^^^^^^^^^^^^^^^^^^^^^
  File "E:\agent专用\study-dashboard\backend\.venv\Lib\site-packages\sqlalchemy\engine\base.py", line 1988, in _exec_single_context
    self._handle_dbapi_exception(
  File "E:\agent专用\study-dashboard\backend\.venv\Lib\site-packages\sqlalchemy\engine\base.py", line 2365, in _handle_dbapi_exception
    raise sqlalchemy_exception.with_traceback(exc_info[2]) from e
  File "E:\agent专用\study-dashboard\backend\.venv\Lib\site-packages\sqlalchemy\engine\base.py", line 1969, in _exec_single_context
    self.dialect.do_execute(
  File "E:\agent专用\study-dashboard\backend\.venv\Lib\site-packages\sqlalchemy\engine\default.py", line 952, in do_execute
    cursor.execute(statement, parameters)
sqlalchemy.exc.OperationalError: (sqlite3.OperationalError) no such column: tasks.habit_days
[SQL: SELECT tasks.id, tasks.user_id, tasks.plan_id, tasks.title, tasks.subject, tasks.estimated_minutes, tasks.status, tasks.is_habit, tasks.habit_frequency, tasks.habit_days, tasks.created_at, tasks.completed_at 
FROM tasks 
WHERE tasks.user_id = ? AND tasks.status = ? AND tasks.completed_at >= ? AND tasks.completed_at <= ?]
[parameters: (3, 'done', '2026-08-19 00:00:00.000000', '2026-08-19 23:59:59.999999')]
(Background on this error at: https://sqlalche.me/e/20/e3q8)
INFO:     127.0.0.1:62528 - "GET /api/stats/heatmap?days=105 HTTP/1.1" 200 OK
INFO:     127.0.0.1:54972 - "GET /api/stats/streak HTTP/1.1" 200 OK
INFO:     127.0.0.1:54972 - "GET /api/reviews?status=due HTTP/1.1" 200 OK
INFO:     127.0.0.1:56039 - "GET /api/health HTTP/1.1" 200 OK
INFO:     127.0.0.1:53676 - "GET /api/health HTTP/1.1" 200 OK
INFO:     127.0.0.1:57559 - "GET /api/health HTTP/1.1" 200 OK
INFO:     127.0.0.1:50382 - "GET /api/health HTTP/1.1" 200 OK
INFO:     127.0.0.1:50382 - "GET /api/files?scope=mine HTTP/1.1" 200 OK
INFO:     127.0.0.1:49670 - "GET /api/health HTTP/1.1" 200 OK
INFO:     Started server process [7872]
INFO:     Waiting for application startup.
INFO:     Application startup complete.
INFO:     Uvicorn running on http://127.0.0.1:8000 (Press CTRL+C to quit)
INFO:     127.0.0.1:50159 - "GET /api/health HTTP/1.1" 200 OK
INFO:     127.0.0.1:54244 - "GET /assets/index-MW0RoJNz.css HTTP/1.1" 304 Not Modified
INFO:     127.0.0.1:57045 - "GET /assets/index-BiRwBDCN.js HTTP/1.1" 304 Not Modified
INFO:     127.0.0.1:57045 - "GET /api/health HTTP/1.1" 200 OK
INFO:     127.0.0.1:57045 - "GET /api/health HTTP/1.1" 200 OK
INFO:     127.0.0.1:54244 - "GET /api/auth/me HTTP/1.1" 200 OK
INFO:     127.0.0.1:54244 - "GET /api/auth/me HTTP/1.1" 200 OK
INFO:     127.0.0.1:54244 - "GET /api/auth/me HTTP/1.1" 200 OK
INFO:     127.0.0.1:60800 - "GET /assets/stats-B1_Jyazg.js HTTP/1.1" 304 Not Modified
INFO:     127.0.0.1:57045 - "GET /assets/DashboardView-DszuefK8.js HTTP/1.1" 304 Not Modified
INFO:     127.0.0.1:53826 - "GET /assets/tasks-DZ9lGmcM.js HTTP/1.1" 304 Not Modified
INFO:     127.0.0.1:60284 - "GET /assets/math-CnLqCkfb.js HTTP/1.1" 304 Not Modified
INFO:     127.0.0.1:56107 - "GET /assets/reviews-DLOg80-V.js HTTP/1.1" 304 Not Modified
INFO:     127.0.0.1:54244 - "GET /api/settings HTTP/1.1" 200 OK
INFO:     127.0.0.1:60800 - "GET /favicon.ico HTTP/1.1" 200 OK
INFO:     127.0.0.1:57045 - "GET /api/tasks HTTP/1.1" 500 Internal Server Error
ERROR:    Exception in ASGI application
Traceback (most recent call last):
  File "E:\agent专用\study-dashboard\backend\.venv\Lib\site-packages\sqlalchemy\engine\base.py", line 1969, in _exec_single_context
    self.dialect.do_execute(
  File "E:\agent专用\study-dashboard\backend\.venv\Lib\site-packages\sqlalchemy\engine\default.py", line 952, in do_execute
    cursor.execute(statement, parameters)
sqlite3.OperationalError: no such column: tasks.habit_days

The above exception was the direct cause of the following exception:

Traceback (most recent call last):
  File "E:\agent专用\study-dashboard\backend\.venv\Lib\site-packages\uvicorn\protocols\http\httptools_impl.py", line 422, in run_asgi
    result = await app(  # type: ignore[func-returns-value]
             ^^^^^^^^^^^^^^^^^^^^^^^^^^^^^^^^^^^^^^^^^^^^^^
  File "E:\agent专用\study-dashboard\backend\.venv\Lib\site-packages\uvicorn\middleware\proxy_headers.py", line 63, in __call__
    return await self.app(scope, receive, send)
           ^^^^^^^^^^^^^^^^^^^^^^^^^^^^^^^^^^^^
  File "E:\agent专用\study-dashboard\backend\.venv\Lib\site-packages\fastapi\applications.py", line 1163, in __call__
    await super().__call__(scope, receive, send)
  File "E:\agent专用\study-dashboard\backend\.venv\Lib\site-packages\starlette\applications.py", line 96, in __call__
    await self.middleware_stack(scope, receive, send)
  File "E:\agent专用\study-dashboard\backend\.venv\Lib\site-packages\starlette\middleware\errors.py", line 186, in __call__
    raise exc
  File "E:\agent专用\study-dashboard\backend\.venv\Lib\site-packages\starlette\middleware\errors.py", line 164, in __call__
    await self.app(scope, receive, _send)
  File "E:\agent专用\study-dashboard\backend\.venv\Lib\site-packages\starlette\middleware\cors.py", line 88, in __call__
    await self.app(scope, receive, send)
  File "E:\agent专用\study-dashboard\backend\.venv\Lib\site-packages\starlette\middleware\exceptions.py", line 63, in __call__
    await wrap_app_handling_exceptions(self.app, conn)(scope, receive, send)
  File "E:\agent专用\study-dashboard\backend\.venv\Lib\site-packages\starlette\_exception_handler.py", line 53, in wrapped_app
    raise exc
  File "E:\agent专用\study-dashboard\backend\.venv\Lib\site-packages\starlette\_exception_handler.py", line 42, in wrapped_app
    await app(scope, receive, sender)
  File "E:\agent专用\study-dashboard\backend\.venv\Lib\site-packages\fastapi\middleware\asyncexitstack.py", line 18, in __call__
    await self.app(scope, receive, send)
  File "E:\agent专用\study-dashboard\backend\.venv\Lib\site-packages\starlette\routing.py", line 670, in __call__
    await self.middleware_stack(scope, receive, send)
  File "E:\agent专用\study-dashboard\backend\.venv\Lib\site-packages\fastapi\routing.py", line 2734, in app
    await route.handle(scope, receive, send)
  File "E:\agent专用\study-dashboard\backend\.venv\Lib\site-packages\fastapi\routing.py", line 1780, in handle
    await self.original_router.handle(scope, receive, send)
  File "E:\agent专用\study-dashboard\backend\.venv\Lib\site-packages\fastapi\routing.py", line 2789, in handle
    await included_router._handle_selected(scope, receive, send)
  File "E:\agent专用\study-dashboard\backend\.venv\Lib\site-packages\fastapi\routing.py", line 1800, in _handle_selected
    await original_route.handle(scope, receive, send)
  File "E:\agent专用\study-dashboard\backend\.venv\Lib\site-packages\fastapi\routing.py", line 1279, in handle
    await app(scope, receive, send)
  File "E:\agent专用\study-dashboard\backend\.venv\Lib\site-packages\fastapi\routing.py", line 158, in app
    await wrap_app_handling_exceptions(app, request)(scope, receive, send)
  File "E:\agent专用\study-dashboard\backend\.venv\Lib\site-packages\starlette\_exception_handler.py", line 53, in wrapped_app
    raise exc
  File "E:\agent专用\study-dashboard\backend\.venv\Lib\site-packages\starlette\_exception_handler.py", line 42, in wrapped_app
    await app(scope, receive, sender)
  File "E:\agent专用\study-dashboard\backend\.venv\Lib\site-packages\fastapi\routing.py", line 144, in app
    response = await f(request)
               ^^^^^^^^^^^^^^^^
  File "E:\agent专用\study-dashboard\backend\.venv\Lib\site-packages\fastapi\routing.py", line 706, in app
    raw_response = await run_endpoint_function(
                   ^^^^^^^^^^^^^^^^^^^^^^^^^^^^
  File "E:\agent专用\study-dashboard\backend\.venv\Lib\site-packages\fastapi\routing.py", line 354, in run_endpoint_function
    return await run_in_threadpool(dependant.call, **values)
           ^^^^^^^^^^^^^^^^^^^^^^^^^^^^^^^^^^^^^^^^^^^^^^^^^
  File "E:\agent专用\study-dashboard\backend\.venv\Lib\site-packages\starlette\concurrency.py", line 34, in run_in_threadpool
    return await anyio.to_thread.run_sync(func)
           ^^^^^^^^^^^^^^^^^^^^^^^^^^^^^^^^^^^^
  File "E:\agent专用\study-dashboard\backend\.venv\Lib\site-packages\anyio\to_thread.py", line 65, in run_sync
    return await get_async_backend().run_sync_in_worker_thread(
           ^^^^^^^^^^^^^^^^^^^^^^^^^^^^^^^^^^^^^^^^^^^^^^^^^^^^
  File "E:\agent专用\study-dashboard\backend\.venv\Lib\site-packages\anyio\_backends\_asyncio.py", line 2641, in run_sync_in_worker_thread
    return await future
           ^^^^^^^^^^^^
  File "E:\agent专用\study-dashboard\backend\.venv\Lib\site-packages\anyio\_backends\_asyncio.py", line 1033, in run
    result = context.run(func, *args)
             ^^^^^^^^^^^^^^^^^^^^^^^^
  File "E:\agent专用\study-dashboard\backend\app\routers\tasks.py", line 81, in list_tasks
    return db.scalars(statement.order_by(Task.created_at.desc())).all()
           ^^^^^^^^^^^^^^^^^^^^^^^^^^^^^^^^^^^^^^^^^^^^^^^^^^^^^^
  File "E:\agent专用\study-dashboard\backend\.venv\Lib\site-packages\sqlalchemy\orm\session.py", line 2481, in scalars
    return self._execute_internal(
           ^^^^^^^^^^^^^^^^^^^^^^^
  File "E:\agent专用\study-dashboard\backend\.venv\Lib\site-packages\sqlalchemy\orm\session.py", line 2271, in _execute_internal
    result: Result[Any] = compile_state_cls.orm_execute_statement(
                          ^^^^^^^^^^^^^^^^^^^^^^^^^^^^^^^^^^^^^^^^
  File "E:\agent专用\study-dashboard\backend\.venv\Lib\site-packages\sqlalchemy\orm\context.py", line 306, in orm_execute_statement
    result = conn.execute(
             ^^^^^^^^^^^^^
  File "E:\agent专用\study-dashboard\backend\.venv\Lib\site-packages\sqlalchemy\engine\base.py", line 1421, in execute
    return meth(
           ^^^^^
  File "E:\agent专用\study-dashboard\backend\.venv\Lib\site-packages\sqlalchemy\sql\elements.py", line 526, in _execute_on_connection
    return connection._execute_clauseelement(
           ^^^^^^^^^^^^^^^^^^^^^^^^^^^^^^^^^^
  File "E:\agent专用\study-dashboard\backend\.venv\Lib\site-packages\sqlalchemy\engine\base.py", line 1643, in _execute_clauseelement
    ret = self._execute_context(
          ^^^^^^^^^^^^^^^^^^^^^^
  File "E:\agent专用\study-dashboard\backend\.venv\Lib\site-packages\sqlalchemy\engine\base.py", line 1848, in _execute_context
    return self._exec_single_context(
           ^^^^^^^^^^^^^^^^^^^^^^^^^^
  File "E:\agent专用\study-dashboard\backend\.venv\Lib\site-packages\sqlalchemy\engine\base.py", line 1988, in _exec_single_context
    self._handle_dbapi_exception(
  File "E:\agent专用\study-dashboard\backend\.venv\Lib\site-packages\sqlalchemy\engine\base.py", line 2365, in _handle_dbapi_exception
    raise sqlalchemy_exception.with_traceback(exc_info[2]) from e
  File "E:\agent专用\study-dashboard\backend\.venv\Lib\site-packages\sqlalchemy\engine\base.py", line 1969, in _exec_single_context
    self.dialect.do_execute(
  File "E:\agent专用\study-dashboard\backend\.venv\Lib\site-packages\sqlalchemy\engine\default.py", line 952, in do_execute
    cursor.execute(statement, parameters)
sqlalchemy.exc.OperationalError: (sqlite3.OperationalError) no such column: tasks.habit_days
[SQL: SELECT tasks.id, tasks.user_id, tasks.plan_id, tasks.title, tasks.subject, tasks.estimated_minutes, tasks.status, tasks.is_habit, tasks.habit_frequency, tasks.habit_days, tasks.created_at, tasks.completed_at 
FROM tasks 
WHERE tasks.user_id = ? ORDER BY tasks.created_at DESC]
[parameters: (3,)]
(Background on this error at: https://sqlalche.me/e/20/e3q8)
INFO:     127.0.0.1:60284 - "GET /api/stats/heatmap?days=105 HTTP/1.1" 200 OK
INFO:     127.0.0.1:56107 - "GET /api/stats/trend?days=7 HTTP/1.1" 200 OK
INFO:     127.0.0.1:54244 - "GET /api/stats/today HTTP/1.1" 500 Internal Server Error
ERROR:    Exception in ASGI application
Traceback (most recent call last):
  File "E:\agent专用\study-dashboard\backend\.venv\Lib\site-packages\sqlalchemy\engine\base.py", line 1969, in _exec_single_context
    self.dialect.do_execute(
  File "E:\agent专用\study-dashboard\backend\.venv\Lib\site-packages\sqlalchemy\engine\default.py", line 952, in do_execute
    cursor.execute(statement, parameters)
sqlite3.OperationalError: no such column: tasks.habit_days

The above exception was the direct cause of the following exception:

Traceback (most recent call last):
  File "E:\agent专用\study-dashboard\backend\.venv\Lib\site-packages\uvicorn\protocols\http\httptools_impl.py", line 422, in run_asgi
    result = await app(  # type: ignore[func-returns-value]
             ^^^^^^^^^^^^^^^^^^^^^^^^^^^^^^^^^^^^^^^^^^^^^^
  File "E:\agent专用\study-dashboard\backend\.venv\Lib\site-packages\uvicorn\middleware\proxy_headers.py", line 63, in __call__
    return await self.app(scope, receive, send)
           ^^^^^^^^^^^^^^^^^^^^^^^^^^^^^^^^^^^^
  File "E:\agent专用\study-dashboard\backend\.venv\Lib\site-packages\fastapi\applications.py", line 1163, in __call__
    await super().__call__(scope, receive, send)
  File "E:\agent专用\study-dashboard\backend\.venv\Lib\site-packages\starlette\applications.py", line 96, in __call__
    await self.middleware_stack(scope, receive, send)
  File "E:\agent专用\study-dashboard\backend\.venv\Lib\site-packages\starlette\middleware\errors.py", line 186, in __call__
    raise exc
  File "E:\agent专用\study-dashboard\backend\.venv\Lib\site-packages\starlette\middleware\errors.py", line 164, in __call__
    await self.app(scope, receive, _send)
  File "E:\agent专用\study-dashboard\backend\.venv\Lib\site-packages\starlette\middleware\cors.py", line 88, in __call__
    await self.app(scope, receive, send)
  File "E:\agent专用\study-dashboard\backend\.venv\Lib\site-packages\starlette\middleware\exceptions.py", line 63, in __call__
    await wrap_app_handling_exceptions(self.app, conn)(scope, receive, send)
  File "E:\agent专用\study-dashboard\backend\.venv\Lib\site-packages\starlette\_exception_handler.py", line 53, in wrapped_app
    raise exc
  File "E:\agent专用\study-dashboard\backend\.venv\Lib\site-packages\starlette\_exception_handler.py", line 42, in wrapped_app
    await app(scope, receive, sender)
  File "E:\agent专用\study-dashboard\backend\.venv\Lib\site-packages\fastapi\middleware\asyncexitstack.py", line 18, in __call__
    await self.app(scope, receive, send)
  File "E:\agent专用\study-dashboard\backend\.venv\Lib\site-packages\starlette\routing.py", line 670, in __call__
    await self.middleware_stack(scope, receive, send)
  File "E:\agent专用\study-dashboard\backend\.venv\Lib\site-packages\fastapi\routing.py", line 2734, in app
    await route.handle(scope, receive, send)
  File "E:\agent专用\study-dashboard\backend\.venv\Lib\site-packages\fastapi\routing.py", line 1780, in handle
    await self.original_router.handle(scope, receive, send)
  File "E:\agent专用\study-dashboard\backend\.venv\Lib\site-packages\fastapi\routing.py", line 2789, in handle
    await included_router._handle_selected(scope, receive, send)
  File "E:\agent专用\study-dashboard\backend\.venv\Lib\site-packages\fastapi\routing.py", line 1800, in _handle_selected
    await original_route.handle(scope, receive, send)
  File "E:\agent专用\study-dashboard\backend\.venv\Lib\site-packages\fastapi\routing.py", line 1279, in handle
    await app(scope, receive, send)
  File "E:\agent专用\study-dashboard\backend\.venv\Lib\site-packages\fastapi\routing.py", line 158, in app
    await wrap_app_handling_exceptions(app, request)(scope, receive, send)
  File "E:\agent专用\study-dashboard\backend\.venv\Lib\site-packages\starlette\_exception_handler.py", line 53, in wrapped_app
    raise exc
  File "E:\agent专用\study-dashboard\backend\.venv\Lib\site-packages\starlette\_exception_handler.py", line 42, in wrapped_app
    await app(scope, receive, sender)
  File "E:\agent专用\study-dashboard\backend\.venv\Lib\site-packages\fastapi\routing.py", line 144, in app
    response = await f(request)
               ^^^^^^^^^^^^^^^^
  File "E:\agent专用\study-dashboard\backend\.venv\Lib\site-packages\fastapi\routing.py", line 706, in app
    raw_response = await run_endpoint_function(
                   ^^^^^^^^^^^^^^^^^^^^^^^^^^^^
  File "E:\agent专用\study-dashboard\backend\.venv\Lib\site-packages\fastapi\routing.py", line 354, in run_endpoint_function
    return await run_in_threadpool(dependant.call, **values)
           ^^^^^^^^^^^^^^^^^^^^^^^^^^^^^^^^^^^^^^^^^^^^^^^^^
  File "E:\agent专用\study-dashboard\backend\.venv\Lib\site-packages\starlette\concurrency.py", line 34, in run_in_threadpool
    return await anyio.to_thread.run_sync(func)
           ^^^^^^^^^^^^^^^^^^^^^^^^^^^^^^^^^^^^
  File "E:\agent专用\study-dashboard\backend\.venv\Lib\site-packages\anyio\to_thread.py", line 65, in run_sync
    return await get_async_backend().run_sync_in_worker_thread(
           ^^^^^^^^^^^^^^^^^^^^^^^^^^^^^^^^^^^^^^^^^^^^^^^^^^^^
  File "E:\agent专用\study-dashboard\backend\.venv\Lib\site-packages\anyio\_backends\_asyncio.py", line 2641, in run_sync_in_worker_thread
    return await future
           ^^^^^^^^^^^^
  File "E:\agent专用\study-dashboard\backend\.venv\Lib\site-packages\anyio\_backends\_asyncio.py", line 1033, in run
    result = context.run(func, *args)
             ^^^^^^^^^^^^^^^^^^^^^^^^
  File "E:\agent专用\study-dashboard\backend\app\routers\stats.py", line 36, in today_stats
    tasks_done = db.scalars(
                 ^^^^^^^^^^^
  File "E:\agent专用\study-dashboard\backend\.venv\Lib\site-packages\sqlalchemy\orm\session.py", line 2481, in scalars
    return self._execute_internal(
           ^^^^^^^^^^^^^^^^^^^^^^^
  File "E:\agent专用\study-dashboard\backend\.venv\Lib\site-packages\sqlalchemy\orm\session.py", line 2271, in _execute_internal
    result: Result[Any] = compile_state_cls.orm_execute_statement(
                          ^^^^^^^^^^^^^^^^^^^^^^^^^^^^^^^^^^^^^^^^
  File "E:\agent专用\study-dashboard\backend\.venv\Lib\site-packages\sqlalchemy\orm\context.py", line 306, in orm_execute_statement
    result = conn.execute(
             ^^^^^^^^^^^^^
  File "E:\agent专用\study-dashboard\backend\.venv\Lib\site-packages\sqlalchemy\engine\base.py", line 1421, in execute
    return meth(
           ^^^^^
  File "E:\agent专用\study-dashboard\backend\.venv\Lib\site-packages\sqlalchemy\sql\elements.py", line 526, in _execute_on_connection
    return connection._execute_clauseelement(
           ^^^^^^^^^^^^^^^^^^^^^^^^^^^^^^^^^^
  File "E:\agent专用\study-dashboard\backend\.venv\Lib\site-packages\sqlalchemy\engine\base.py", line 1643, in _execute_clauseelement
    ret = self._execute_context(
          ^^^^^^^^^^^^^^^^^^^^^^
  File "E:\agent专用\study-dashboard\backend\.venv\Lib\site-packages\sqlalchemy\engine\base.py", line 1848, in _execute_context
    return self._exec_single_context(
           ^^^^^^^^^^^^^^^^^^^^^^^^^^
  File "E:\agent专用\study-dashboard\backend\.venv\Lib\site-packages\sqlalchemy\engine\base.py", line 1988, in _exec_single_context
    self._handle_dbapi_exception(
  File "E:\agent专用\study-dashboard\backend\.venv\Lib\site-packages\sqlalchemy\engine\base.py", line 2365, in _handle_dbapi_exception
    raise sqlalchemy_exception.with_traceback(exc_info[2]) from e
  File "E:\agent专用\study-dashboard\backend\.venv\Lib\site-packages\sqlalchemy\engine\base.py", line 1969, in _exec_single_context
    self.dialect.do_execute(
  File "E:\agent专用\study-dashboard\backend\.venv\Lib\site-packages\sqlalchemy\engine\default.py", line 952, in do_execute
    cursor.execute(statement, parameters)
sqlalchemy.exc.OperationalError: (sqlite3.OperationalError) no such column: tasks.habit_days
[SQL: SELECT tasks.id, tasks.user_id, tasks.plan_id, tasks.title, tasks.subject, tasks.estimated_minutes, tasks.status, tasks.is_habit, tasks.habit_frequency, tasks.habit_days, tasks.created_at, tasks.completed_at 
FROM tasks 
WHERE tasks.user_id = ? AND tasks.status = ? AND tasks.completed_at >= ? AND tasks.completed_at <= ?]
[parameters: (3, 'done', '2026-08-19 00:00:00.000000', '2026-08-19 23:59:59.999999')]
(Background on this error at: https://sqlalche.me/e/20/e3q8)
INFO:     127.0.0.1:53826 - "GET /api/stats/streak HTTP/1.1" 200 OK
INFO:     127.0.0.1:60800 - "GET /api/habits HTTP/1.1" 500 Internal Server Error
ERROR:    Exception in ASGI application
Traceback (most recent call last):
  File "E:\agent专用\study-dashboard\backend\.venv\Lib\site-packages\sqlalchemy\engine\base.py", line 1969, in _exec_single_context
    self.dialect.do_execute(
  File "E:\agent专用\study-dashboard\backend\.venv\Lib\site-packages\sqlalchemy\engine\default.py", line 952, in do_execute
    cursor.execute(statement, parameters)
sqlite3.OperationalError: no such column: tasks.habit_days

The above exception was the direct cause of the following exception:

Traceback (most recent call last):
  File "E:\agent专用\study-dashboard\backend\.venv\Lib\site-packages\uvicorn\protocols\http\httptools_impl.py", line 422, in run_asgi
    result = await app(  # type: ignore[func-returns-value]
             ^^^^^^^^^^^^^^^^^^^^^^^^^^^^^^^^^^^^^^^^^^^^^^
  File "E:\agent专用\study-dashboard\backend\.venv\Lib\site-packages\uvicorn\middleware\proxy_headers.py", line 63, in __call__
    return await self.app(scope, receive, send)
           ^^^^^^^^^^^^^^^^^^^^^^^^^^^^^^^^^^^^
  File "E:\agent专用\study-dashboard\backend\.venv\Lib\site-packages\fastapi\applications.py", line 1163, in __call__
    await super().__call__(scope, receive, send)
  File "E:\agent专用\study-dashboard\backend\.venv\Lib\site-packages\starlette\applications.py", line 96, in __call__
    await self.middleware_stack(scope, receive, send)
  File "E:\agent专用\study-dashboard\backend\.venv\Lib\site-packages\starlette\middleware\errors.py", line 186, in __call__
    raise exc
  File "E:\agent专用\study-dashboard\backend\.venv\Lib\site-packages\starlette\middleware\errors.py", line 164, in __call__
    await self.app(scope, receive, _send)
  File "E:\agent专用\study-dashboard\backend\.venv\Lib\site-packages\starlette\middleware\cors.py", line 88, in __call__
    await self.app(scope, receive, send)
  File "E:\agent专用\study-dashboard\backend\.venv\Lib\site-packages\starlette\middleware\exceptions.py", line 63, in __call__
    await wrap_app_handling_exceptions(self.app, conn)(scope, receive, send)
  File "E:\agent专用\study-dashboard\backend\.venv\Lib\site-packages\starlette\_exception_handler.py", line 53, in wrapped_app
    raise exc
  File "E:\agent专用\study-dashboard\backend\.venv\Lib\site-packages\starlette\_exception_handler.py", line 42, in wrapped_app
    await app(scope, receive, sender)
  File "E:\agent专用\study-dashboard\backend\.venv\Lib\site-packages\fastapi\middleware\asyncexitstack.py", line 18, in __call__
    await self.app(scope, receive, send)
  File "E:\agent专用\study-dashboard\backend\.venv\Lib\site-packages\starlette\routing.py", line 670, in __call__
    await self.middleware_stack(scope, receive, send)
  File "E:\agent专用\study-dashboard\backend\.venv\Lib\site-packages\fastapi\routing.py", line 2734, in app
    await route.handle(scope, receive, send)
  File "E:\agent专用\study-dashboard\backend\.venv\Lib\site-packages\fastapi\routing.py", line 1780, in handle
    await self.original_router.handle(scope, receive, send)
  File "E:\agent专用\study-dashboard\backend\.venv\Lib\site-packages\fastapi\routing.py", line 2789, in handle
    await included_router._handle_selected(scope, receive, send)
  File "E:\agent专用\study-dashboard\backend\.venv\Lib\site-packages\fastapi\routing.py", line 1800, in _handle_selected
    await original_route.handle(scope, receive, send)
  File "E:\agent专用\study-dashboard\backend\.venv\Lib\site-packages\fastapi\routing.py", line 1279, in handle
    await app(scope, receive, send)
  File "E:\agent专用\study-dashboard\backend\.venv\Lib\site-packages\fastapi\routing.py", line 158, in app
    await wrap_app_handling_exceptions(app, request)(scope, receive, send)
  File "E:\agent专用\study-dashboard\backend\.venv\Lib\site-packages\starlette\_exception_handler.py", line 53, in wrapped_app
    raise exc
  File "E:\agent专用\study-dashboard\backend\.venv\Lib\site-packages\starlette\_exception_handler.py", line 42, in wrapped_app
    await app(scope, receive, sender)
  File "E:\agent专用\study-dashboard\backend\.venv\Lib\site-packages\fastapi\routing.py", line 144, in app
    response = await f(request)
               ^^^^^^^^^^^^^^^^
  File "E:\agent专用\study-dashboard\backend\.venv\Lib\site-packages\fastapi\routing.py", line 706, in app
    raw_response = await run_endpoint_function(
                   ^^^^^^^^^^^^^^^^^^^^^^^^^^^^
  File "E:\agent专用\study-dashboard\backend\.venv\Lib\site-packages\fastapi\routing.py", line 354, in run_endpoint_function
    return await run_in_threadpool(dependant.call, **values)
           ^^^^^^^^^^^^^^^^^^^^^^^^^^^^^^^^^^^^^^^^^^^^^^^^^
  File "E:\agent专用\study-dashboard\backend\.venv\Lib\site-packages\starlette\concurrency.py", line 34, in run_in_threadpool
    return await anyio.to_thread.run_sync(func)
           ^^^^^^^^^^^^^^^^^^^^^^^^^^^^^^^^^^^^
  File "E:\agent专用\study-dashboard\backend\.venv\Lib\site-packages\anyio\to_thread.py", line 65, in run_sync
    return await get_async_backend().run_sync_in_worker_thread(
           ^^^^^^^^^^^^^^^^^^^^^^^^^^^^^^^^^^^^^^^^^^^^^^^^^^^^
  File "E:\agent专用\study-dashboard\backend\.venv\Lib\site-packages\anyio\_backends\_asyncio.py", line 2641, in run_sync_in_worker_thread
    return await future
           ^^^^^^^^^^^^
  File "E:\agent专用\study-dashboard\backend\.venv\Lib\site-packages\anyio\_backends\_asyncio.py", line 1033, in run
    result = context.run(func, *args)
             ^^^^^^^^^^^^^^^^^^^^^^^^
  File "E:\agent专用\study-dashboard\backend\app\routers\habits.py", line 85, in list_habits
    tasks = db.scalars(
            ^^^^^^^^^^^
  File "E:\agent专用\study-dashboard\backend\.venv\Lib\site-packages\sqlalchemy\orm\session.py", line 2481, in scalars
    return self._execute_internal(
           ^^^^^^^^^^^^^^^^^^^^^^^
  File "E:\agent专用\study-dashboard\backend\.venv\Lib\site-packages\sqlalchemy\orm\session.py", line 2271, in _execute_internal
    result: Result[Any] = compile_state_cls.orm_execute_statement(
                          ^^^^^^^^^^^^^^^^^^^^^^^^^^^^^^^^^^^^^^^^
  File "E:\agent专用\study-dashboard\backend\.venv\Lib\site-packages\sqlalchemy\orm\context.py", line 306, in orm_execute_statement
    result = conn.execute(
             ^^^^^^^^^^^^^
  File "E:\agent专用\study-dashboard\backend\.venv\Lib\site-packages\sqlalchemy\engine\base.py", line 1421, in execute
    return meth(
           ^^^^^
  File "E:\agent专用\study-dashboard\backend\.venv\Lib\site-packages\sqlalchemy\sql\elements.py", line 526, in _execute_on_connection
    return connection._execute_clauseelement(
           ^^^^^^^^^^^^^^^^^^^^^^^^^^^^^^^^^^
  File "E:\agent专用\study-dashboard\backend\.venv\Lib\site-packages\sqlalchemy\engine\base.py", line 1643, in _execute_clauseelement
    ret = self._execute_context(
          ^^^^^^^^^^^^^^^^^^^^^^
  File "E:\agent专用\study-dashboard\backend\.venv\Lib\site-packages\sqlalchemy\engine\base.py", line 1848, in _execute_context
    return self._exec_single_context(
           ^^^^^^^^^^^^^^^^^^^^^^^^^^
  File "E:\agent专用\study-dashboard\backend\.venv\Lib\site-packages\sqlalchemy\engine\base.py", line 1988, in _exec_single_context
    self._handle_dbapi_exception(
  File "E:\agent专用\study-dashboard\backend\.venv\Lib\site-packages\sqlalchemy\engine\base.py", line 2365, in _handle_dbapi_exception
    raise sqlalchemy_exception.with_traceback(exc_info[2]) from e
  File "E:\agent专用\study-dashboard\backend\.venv\Lib\site-packages\sqlalchemy\engine\base.py", line 1969, in _exec_single_context
    self.dialect.do_execute(
  File "E:\agent专用\study-dashboard\backend\.venv\Lib\site-packages\sqlalchemy\engine\default.py", line 952, in do_execute
    cursor.execute(statement, parameters)
sqlalchemy.exc.OperationalError: (sqlite3.OperationalError) no such column: tasks.habit_days
[SQL: SELECT tasks.id, tasks.user_id, tasks.plan_id, tasks.title, tasks.subject, tasks.estimated_minutes, tasks.status, tasks.is_habit, tasks.habit_frequency, tasks.habit_days, tasks.created_at, tasks.completed_at 
FROM tasks 
WHERE tasks.user_id = ? AND tasks.is_habit IS 1 ORDER BY tasks.created_at DESC]
[parameters: (3,)]
(Background on this error at: https://sqlalche.me/e/20/e3q8)
INFO:     127.0.0.1:60284 - "GET /api/reviews?status=due HTTP/1.1" 200 OK
INFO:     127.0.0.1:55763 - "GET /api/math/tree HTTP/1.1" 200 OK
INFO:     127.0.0.1:55763 - "GET /api/health HTTP/1.1" 200 OK
INFO:     127.0.0.1:63151 - "GET /api/health HTTP/1.1" 200 OK
INFO:     127.0.0.1:64598 - "GET /assets/PomodoroView-CPidto16.js HTTP/1.1" 304 Not Modified
INFO:     127.0.0.1:64598 - "GET /assets/_plugin-vue_export-helper-DlAUqK2U.js HTTP/1.1" 304 Not Modified
INFO:     127.0.0.1:64598 - "GET /api/plan-templates HTTP/1.1" 200 OK
INFO:     127.0.0.1:64598 - "GET /api/health HTTP/1.1" 200 OK
INFO:     127.0.0.1:50469 - "PUT /api/settings HTTP/1.1" 200 OK
INFO:     127.0.0.1:50469 - "GET /assets/PlansView-DLl2qDE8.js HTTP/1.1" 304 Not Modified
INFO:     127.0.0.1:58550 - "GET /assets/plans-DHjUlqKI.js HTTP/1.1" 304 Not Modified
INFO:     127.0.0.1:58670 - "GET /assets/ai-f_SUWtht.js HTTP/1.1" 304 Not Modified
INFO:     127.0.0.1:58550 - "GET /api/ai/config HTTP/1.1" 200 OK
INFO:     127.0.0.1:58670 - "GET /api/plan-templates HTTP/1.1" 200 OK
INFO:     127.0.0.1:58670 - "GET /api/plans HTTP/1.1" 200 OK
INFO:     127.0.0.1:58670 - "GET /api/tasks HTTP/1.1" 500 Internal Server Error
ERROR:    Exception in ASGI application
Traceback (most recent call last):
  File "E:\agent专用\study-dashboard\backend\.venv\Lib\site-packages\sqlalchemy\engine\base.py", line 1969, in _exec_single_context
    self.dialect.do_execute(
  File "E:\agent专用\study-dashboard\backend\.venv\Lib\site-packages\sqlalchemy\engine\default.py", line 952, in do_execute
    cursor.execute(statement, parameters)
sqlite3.OperationalError: no such column: tasks.habit_days

The above exception was the direct cause of the following exception:

Traceback (most recent call last):
  File "E:\agent专用\study-dashboard\backend\.venv\Lib\site-packages\uvicorn\protocols\http\httptools_impl.py", line 422, in run_asgi
    result = await app(  # type: ignore[func-returns-value]
             ^^^^^^^^^^^^^^^^^^^^^^^^^^^^^^^^^^^^^^^^^^^^^^
  File "E:\agent专用\study-dashboard\backend\.venv\Lib\site-packages\uvicorn\middleware\proxy_headers.py", line 63, in __call__
    return await self.app(scope, receive, send)
           ^^^^^^^^^^^^^^^^^^^^^^^^^^^^^^^^^^^^
  File "E:\agent专用\study-dashboard\backend\.venv\Lib\site-packages\fastapi\applications.py", line 1163, in __call__
    await super().__call__(scope, receive, send)
  File "E:\agent专用\study-dashboard\backend\.venv\Lib\site-packages\starlette\applications.py", line 96, in __call__
    await self.middleware_stack(scope, receive, send)
  File "E:\agent专用\study-dashboard\backend\.venv\Lib\site-packages\starlette\middleware\errors.py", line 186, in __call__
    raise exc
  File "E:\agent专用\study-dashboard\backend\.venv\Lib\site-packages\starlette\middleware\errors.py", line 164, in __call__
    await self.app(scope, receive, _send)
  File "E:\agent专用\study-dashboard\backend\.venv\Lib\site-packages\starlette\middleware\cors.py", line 88, in __call__
    await self.app(scope, receive, send)
  File "E:\agent专用\study-dashboard\backend\.venv\Lib\site-packages\starlette\middleware\exceptions.py", line 63, in __call__
    await wrap_app_handling_exceptions(self.app, conn)(scope, receive, send)
  File "E:\agent专用\study-dashboard\backend\.venv\Lib\site-packages\starlette\_exception_handler.py", line 53, in wrapped_app
    raise exc
  File "E:\agent专用\study-dashboard\backend\.venv\Lib\site-packages\starlette\_exception_handler.py", line 42, in wrapped_app
    await app(scope, receive, sender)
  File "E:\agent专用\study-dashboard\backend\.venv\Lib\site-packages\fastapi\middleware\asyncexitstack.py", line 18, in __call__
    await self.app(scope, receive, send)
  File "E:\agent专用\study-dashboard\backend\.venv\Lib\site-packages\starlette\routing.py", line 670, in __call__
    await self.middleware_stack(scope, receive, send)
  File "E:\agent专用\study-dashboard\backend\.venv\Lib\site-packages\fastapi\routing.py", line 2734, in app
    await route.handle(scope, receive, send)
  File "E:\agent专用\study-dashboard\backend\.venv\Lib\site-packages\fastapi\routing.py", line 1780, in handle
    await self.original_router.handle(scope, receive, send)
  File "E:\agent专用\study-dashboard\backend\.venv\Lib\site-packages\fastapi\routing.py", line 2789, in handle
    await included_router._handle_selected(scope, receive, send)
  File "E:\agent专用\study-dashboard\backend\.venv\Lib\site-packages\fastapi\routing.py", line 1800, in _handle_selected
    await original_route.handle(scope, receive, send)
  File "E:\agent专用\study-dashboard\backend\.venv\Lib\site-packages\fastapi\routing.py", line 1279, in handle
    await app(scope, receive, send)
  File "E:\agent专用\study-dashboard\backend\.venv\Lib\site-packages\fastapi\routing.py", line 158, in app
    await wrap_app_handling_exceptions(app, request)(scope, receive, send)
  File "E:\agent专用\study-dashboard\backend\.venv\Lib\site-packages\starlette\_exception_handler.py", line 53, in wrapped_app
    raise exc
  File "E:\agent专用\study-dashboard\backend\.venv\Lib\site-packages\starlette\_exception_handler.py", line 42, in wrapped_app
    await app(scope, receive, sender)
  File "E:\agent专用\study-dashboard\backend\.venv\Lib\site-packages\fastapi\routing.py", line 144, in app
    response = await f(request)
               ^^^^^^^^^^^^^^^^
  File "E:\agent专用\study-dashboard\backend\.venv\Lib\site-packages\fastapi\routing.py", line 706, in app
    raw_response = await run_endpoint_function(
                   ^^^^^^^^^^^^^^^^^^^^^^^^^^^^
  File "E:\agent专用\study-dashboard\backend\.venv\Lib\site-packages\fastapi\routing.py", line 354, in run_endpoint_function
    return await run_in_threadpool(dependant.call, **values)
           ^^^^^^^^^^^^^^^^^^^^^^^^^^^^^^^^^^^^^^^^^^^^^^^^^
  File "E:\agent专用\study-dashboard\backend\.venv\Lib\site-packages\starlette\concurrency.py", line 34, in run_in_threadpool
    return await anyio.to_thread.run_sync(func)
           ^^^^^^^^^^^^^^^^^^^^^^^^^^^^^^^^^^^^
  File "E:\agent专用\study-dashboard\backend\.venv\Lib\site-packages\anyio\to_thread.py", line 65, in run_sync
    return await get_async_backend().run_sync_in_worker_thread(
           ^^^^^^^^^^^^^^^^^^^^^^^^^^^^^^^^^^^^^^^^^^^^^^^^^^^^
  File "E:\agent专用\study-dashboard\backend\.venv\Lib\site-packages\anyio\_backends\_asyncio.py", line 2641, in run_sync_in_worker_thread
    return await future
           ^^^^^^^^^^^^
  File "E:\agent专用\study-dashboard\backend\.venv\Lib\site-packages\anyio\_backends\_asyncio.py", line 1033, in run
    result = context.run(func, *args)
             ^^^^^^^^^^^^^^^^^^^^^^^^
  File "E:\agent专用\study-dashboard\backend\app\routers\tasks.py", line 81, in list_tasks
    return db.scalars(statement.order_by(Task.created_at.desc())).all()
           ^^^^^^^^^^^^^^^^^^^^^^^^^^^^^^^^^^^^^^^^^^^^^^^^^^^^^^
  File "E:\agent专用\study-dashboard\backend\.venv\Lib\site-packages\sqlalchemy\orm\session.py", line 2481, in scalars
    return self._execute_internal(
           ^^^^^^^^^^^^^^^^^^^^^^^
  File "E:\agent专用\study-dashboard\backend\.venv\Lib\site-packages\sqlalchemy\orm\session.py", line 2271, in _execute_internal
    result: Result[Any] = compile_state_cls.orm_execute_statement(
                          ^^^^^^^^^^^^^^^^^^^^^^^^^^^^^^^^^^^^^^^^
  File "E:\agent专用\study-dashboard\backend\.venv\Lib\site-packages\sqlalchemy\orm\context.py", line 306, in orm_execute_statement
    result = conn.execute(
             ^^^^^^^^^^^^^
  File "E:\agent专用\study-dashboard\backend\.venv\Lib\site-packages\sqlalchemy\engine\base.py", line 1421, in execute
    return meth(
           ^^^^^
  File "E:\agent专用\study-dashboard\backend\.venv\Lib\site-packages\sqlalchemy\sql\elements.py", line 526, in _execute_on_connection
    return connection._execute_clauseelement(
           ^^^^^^^^^^^^^^^^^^^^^^^^^^^^^^^^^^
  File "E:\agent专用\study-dashboard\backend\.venv\Lib\site-packages\sqlalchemy\engine\base.py", line 1643, in _execute_clauseelement
    ret = self._execute_context(
          ^^^^^^^^^^^^^^^^^^^^^^
  File "E:\agent专用\study-dashboard\backend\.venv\Lib\site-packages\sqlalchemy\engine\base.py", line 1848, in _execute_context
    return self._exec_single_context(
           ^^^^^^^^^^^^^^^^^^^^^^^^^^
  File "E:\agent专用\study-dashboard\backend\.venv\Lib\site-packages\sqlalchemy\engine\base.py", line 1988, in _exec_single_context
    self._handle_dbapi_exception(
  File "E:\agent专用\study-dashboard\backend\.venv\Lib\site-packages\sqlalchemy\engine\base.py", line 2365, in _handle_dbapi_exception
    raise sqlalchemy_exception.with_traceback(exc_info[2]) from e
  File "E:\agent专用\study-dashboard\backend\.venv\Lib\site-packages\sqlalchemy\engine\base.py", line 1969, in _exec_single_context
    self.dialect.do_execute(
  File "E:\agent专用\study-dashboard\backend\.venv\Lib\site-packages\sqlalchemy\engine\default.py", line 952, in do_execute
    cursor.execute(statement, parameters)
sqlalchemy.exc.OperationalError: (sqlite3.OperationalError) no such column: tasks.habit_days
[SQL: SELECT tasks.id, tasks.user_id, tasks.plan_id, tasks.title, tasks.subject, tasks.estimated_minutes, tasks.status, tasks.is_habit, tasks.habit_frequency, tasks.habit_days, tasks.created_at, tasks.completed_at 
FROM tasks 
WHERE tasks.user_id = ? ORDER BY tasks.created_at DESC]
[parameters: (3,)]
(Background on this error at: https://sqlalche.me/e/20/e3q8)
INFO:     127.0.0.1:50469 - "GET /assets/TasksView-Dz-BspU-.css HTTP/1.1" 304 Not Modified
INFO:     127.0.0.1:58550 - "GET /assets/TasksView-B6RYpmoY.js HTTP/1.1" 304 Not Modified
INFO:     127.0.0.1:58550 - "GET /api/tasks HTTP/1.1" 500 Internal Server Error
ERROR:    Exception in ASGI application
Traceback (most recent call last):
  File "E:\agent专用\study-dashboard\backend\.venv\Lib\site-packages\sqlalchemy\engine\base.py", line 1969, in _exec_single_context
    self.dialect.do_execute(
  File "E:\agent专用\study-dashboard\backend\.venv\Lib\site-packages\sqlalchemy\engine\default.py", line 952, in do_execute
    cursor.execute(statement, parameters)
sqlite3.OperationalError: no such column: tasks.habit_days

The above exception was the direct cause of the following exception:

Traceback (most recent call last):
  File "E:\agent专用\study-dashboard\backend\.venv\Lib\site-packages\uvicorn\protocols\http\httptools_impl.py", line 422, in run_asgi
    result = await app(  # type: ignore[func-returns-value]
             ^^^^^^^^^^^^^^^^^^^^^^^^^^^^^^^^^^^^^^^^^^^^^^
  File "E:\agent专用\study-dashboard\backend\.venv\Lib\site-packages\uvicorn\middleware\proxy_headers.py", line 63, in __call__
    return await self.app(scope, receive, send)
           ^^^^^^^^^^^^^^^^^^^^^^^^^^^^^^^^^^^^
  File "E:\agent专用\study-dashboard\backend\.venv\Lib\site-packages\fastapi\applications.py", line 1163, in __call__
    await super().__call__(scope, receive, send)
  File "E:\agent专用\study-dashboard\backend\.venv\Lib\site-packages\starlette\applications.py", line 96, in __call__
    await self.middleware_stack(scope, receive, send)
  File "E:\agent专用\study-dashboard\backend\.venv\Lib\site-packages\starlette\middleware\errors.py", line 186, in __call__
    raise exc
  File "E:\agent专用\study-dashboard\backend\.venv\Lib\site-packages\starlette\middleware\errors.py", line 164, in __call__
    await self.app(scope, receive, _send)
  File "E:\agent专用\study-dashboard\backend\.venv\Lib\site-packages\starlette\middleware\cors.py", line 88, in __call__
    await self.app(scope, receive, send)
  File "E:\agent专用\study-dashboard\backend\.venv\Lib\site-packages\starlette\middleware\exceptions.py", line 63, in __call__
    await wrap_app_handling_exceptions(self.app, conn)(scope, receive, send)
  File "E:\agent专用\study-dashboard\backend\.venv\Lib\site-packages\starlette\_exception_handler.py", line 53, in wrapped_app
    raise exc
  File "E:\agent专用\study-dashboard\backend\.venv\Lib\site-packages\starlette\_exception_handler.py", line 42, in wrapped_app
    await app(scope, receive, sender)
  File "E:\agent专用\study-dashboard\backend\.venv\Lib\site-packages\fastapi\middleware\asyncexitstack.py", line 18, in __call__
    await self.app(scope, receive, send)
  File "E:\agent专用\study-dashboard\backend\.venv\Lib\site-packages\starlette\routing.py", line 670, in __call__
    await self.middleware_stack(scope, receive, send)
  File "E:\agent专用\study-dashboard\backend\.venv\Lib\site-packages\fastapi\routing.py", line 2734, in app
    await route.handle(scope, receive, send)
  File "E:\agent专用\study-dashboard\backend\.venv\Lib\site-packages\fastapi\routing.py", line 1780, in handle
    await self.original_router.handle(scope, receive, send)
  File "E:\agent专用\study-dashboard\backend\.venv\Lib\site-packages\fastapi\routing.py", line 2789, in handle
    await included_router._handle_selected(scope, receive, send)
  File "E:\agent专用\study-dashboard\backend\.venv\Lib\site-packages\fastapi\routing.py", line 1800, in _handle_selected
    await original_route.handle(scope, receive, send)
  File "E:\agent专用\study-dashboard\backend\.venv\Lib\site-packages\fastapi\routing.py", line 1279, in handle
    await app(scope, receive, send)
  File "E:\agent专用\study-dashboard\backend\.venv\Lib\site-packages\fastapi\routing.py", line 158, in app
    await wrap_app_handling_exceptions(app, request)(scope, receive, send)
  File "E:\agent专用\study-dashboard\backend\.venv\Lib\site-packages\starlette\_exception_handler.py", line 53, in wrapped_app
    raise exc
  File "E:\agent专用\study-dashboard\backend\.venv\Lib\site-packages\starlette\_exception_handler.py", line 42, in wrapped_app
    await app(scope, receive, sender)
  File "E:\agent专用\study-dashboard\backend\.venv\Lib\site-packages\fastapi\routing.py", line 144, in app
    response = await f(request)
               ^^^^^^^^^^^^^^^^
  File "E:\agent专用\study-dashboard\backend\.venv\Lib\site-packages\fastapi\routing.py", line 706, in app
    raw_response = await run_endpoint_function(
                   ^^^^^^^^^^^^^^^^^^^^^^^^^^^^
  File "E:\agent专用\study-dashboard\backend\.venv\Lib\site-packages\fastapi\routing.py", line 354, in run_endpoint_function
    return await run_in_threadpool(dependant.call, **values)
           ^^^^^^^^^^^^^^^^^^^^^^^^^^^^^^^^^^^^^^^^^^^^^^^^^
  File "E:\agent专用\study-dashboard\backend\.venv\Lib\site-packages\starlette\concurrency.py", line 34, in run_in_threadpool
    return await anyio.to_thread.run_sync(func)
           ^^^^^^^^^^^^^^^^^^^^^^^^^^^^^^^^^^^^
  File "E:\agent专用\study-dashboard\backend\.venv\Lib\site-packages\anyio\to_thread.py", line 65, in run_sync
    return await get_async_backend().run_sync_in_worker_thread(
           ^^^^^^^^^^^^^^^^^^^^^^^^^^^^^^^^^^^^^^^^^^^^^^^^^^^^
  File "E:\agent专用\study-dashboard\backend\.venv\Lib\site-packages\anyio\_backends\_asyncio.py", line 2641, in run_sync_in_worker_thread
    return await future
           ^^^^^^^^^^^^
  File "E:\agent专用\study-dashboard\backend\.venv\Lib\site-packages\anyio\_backends\_asyncio.py", line 1033, in run
    result = context.run(func, *args)
             ^^^^^^^^^^^^^^^^^^^^^^^^
  File "E:\agent专用\study-dashboard\backend\app\routers\tasks.py", line 81, in list_tasks
    return db.scalars(statement.order_by(Task.created_at.desc())).all()
           ^^^^^^^^^^^^^^^^^^^^^^^^^^^^^^^^^^^^^^^^^^^^^^^^^^^^^^
  File "E:\agent专用\study-dashboard\backend\.venv\Lib\site-packages\sqlalchemy\orm\session.py", line 2481, in scalars
    return self._execute_internal(
           ^^^^^^^^^^^^^^^^^^^^^^^
  File "E:\agent专用\study-dashboard\backend\.venv\Lib\site-packages\sqlalchemy\orm\session.py", line 2271, in _execute_internal
    result: Result[Any] = compile_state_cls.orm_execute_statement(
                          ^^^^^^^^^^^^^^^^^^^^^^^^^^^^^^^^^^^^^^^^
  File "E:\agent专用\study-dashboard\backend\.venv\Lib\site-packages\sqlalchemy\orm\context.py", line 306, in orm_execute_statement
    result = conn.execute(
             ^^^^^^^^^^^^^
  File "E:\agent专用\study-dashboard\backend\.venv\Lib\site-packages\sqlalchemy\engine\base.py", line 1421, in execute
    return meth(
           ^^^^^
  File "E:\agent专用\study-dashboard\backend\.venv\Lib\site-packages\sqlalchemy\sql\elements.py", line 526, in _execute_on_connection
    return connection._execute_clauseelement(
           ^^^^^^^^^^^^^^^^^^^^^^^^^^^^^^^^^^
  File "E:\agent专用\study-dashboard\backend\.venv\Lib\site-packages\sqlalchemy\engine\base.py", line 1643, in _execute_clauseelement
    ret = self._execute_context(
          ^^^^^^^^^^^^^^^^^^^^^^
  File "E:\agent专用\study-dashboard\backend\.venv\Lib\site-packages\sqlalchemy\engine\base.py", line 1848, in _execute_context
    return self._exec_single_context(
           ^^^^^^^^^^^^^^^^^^^^^^^^^^
  File "E:\agent专用\study-dashboard\backend\.venv\Lib\site-packages\sqlalchemy\engine\base.py", line 1988, in _exec_single_context
    self._handle_dbapi_exception(
  File "E:\agent专用\study-dashboard\backend\.venv\Lib\site-packages\sqlalchemy\engine\base.py", line 2365, in _handle_dbapi_exception
    raise sqlalchemy_exception.with_traceback(exc_info[2]) from e
  File "E:\agent专用\study-dashboard\backend\.venv\Lib\site-packages\sqlalchemy\engine\base.py", line 1969, in _exec_single_context
    self.dialect.do_execute(
  File "E:\agent专用\study-dashboard\backend\.venv\Lib\site-packages\sqlalchemy\engine\default.py", line 952, in do_execute
    cursor.execute(statement, parameters)
sqlalchemy.exc.OperationalError: (sqlite3.OperationalError) no such column: tasks.habit_days
[SQL: SELECT tasks.id, tasks.user_id, tasks.plan_id, tasks.title, tasks.subject, tasks.estimated_minutes, tasks.status, tasks.is_habit, tasks.habit_frequency, tasks.habit_days, tasks.created_at, tasks.completed_at 
FROM tasks 
WHERE tasks.user_id = ? ORDER BY tasks.created_at DESC]
[parameters: (3,)]
(Background on this error at: https://sqlalche.me/e/20/e3q8)
INFO:     127.0.0.1:50469 - "GET /api/habits HTTP/1.1" 500 Internal Server Error
ERROR:    Exception in ASGI application
Traceback (most recent call last):
  File "E:\agent专用\study-dashboard\backend\.venv\Lib\site-packages\sqlalchemy\engine\base.py", line 1969, in _exec_single_context
    self.dialect.do_execute(
  File "E:\agent专用\study-dashboard\backend\.venv\Lib\site-packages\sqlalchemy\engine\default.py", line 952, in do_execute
    cursor.execute(statement, parameters)
sqlite3.OperationalError: no such column: tasks.habit_days

The above exception was the direct cause of the following exception:

Traceback (most recent call last):
  File "E:\agent专用\study-dashboard\backend\.venv\Lib\site-packages\uvicorn\protocols\http\httptools_impl.py", line 422, in run_asgi
    result = await app(  # type: ignore[func-returns-value]
             ^^^^^^^^^^^^^^^^^^^^^^^^^^^^^^^^^^^^^^^^^^^^^^
  File "E:\agent专用\study-dashboard\backend\.venv\Lib\site-packages\uvicorn\middleware\proxy_headers.py", line 63, in __call__
    return await self.app(scope, receive, send)
           ^^^^^^^^^^^^^^^^^^^^^^^^^^^^^^^^^^^^
  File "E:\agent专用\study-dashboard\backend\.venv\Lib\site-packages\fastapi\applications.py", line 1163, in __call__
    await super().__call__(scope, receive, send)
  File "E:\agent专用\study-dashboard\backend\.venv\Lib\site-packages\starlette\applications.py", line 96, in __call__
    await self.middleware_stack(scope, receive, send)
  File "E:\agent专用\study-dashboard\backend\.venv\Lib\site-packages\starlette\middleware\errors.py", line 186, in __call__
    raise exc
  File "E:\agent专用\study-dashboard\backend\.venv\Lib\site-packages\starlette\middleware\errors.py", line 164, in __call__
    await self.app(scope, receive, _send)
  File "E:\agent专用\study-dashboard\backend\.venv\Lib\site-packages\starlette\middleware\cors.py", line 88, in __call__
    await self.app(scope, receive, send)
  File "E:\agent专用\study-dashboard\backend\.venv\Lib\site-packages\starlette\middleware\exceptions.py", line 63, in __call__
    await wrap_app_handling_exceptions(self.app, conn)(scope, receive, send)
  File "E:\agent专用\study-dashboard\backend\.venv\Lib\site-packages\starlette\_exception_handler.py", line 53, in wrapped_app
    raise exc
  File "E:\agent专用\study-dashboard\backend\.venv\Lib\site-packages\starlette\_exception_handler.py", line 42, in wrapped_app
    await app(scope, receive, sender)
  File "E:\agent专用\study-dashboard\backend\.venv\Lib\site-packages\fastapi\middleware\asyncexitstack.py", line 18, in __call__
    await self.app(scope, receive, send)
  File "E:\agent专用\study-dashboard\backend\.venv\Lib\site-packages\starlette\routing.py", line 670, in __call__
    await self.middleware_stack(scope, receive, send)
  File "E:\agent专用\study-dashboard\backend\.venv\Lib\site-packages\fastapi\routing.py", line 2734, in app
    await route.handle(scope, receive, send)
  File "E:\agent专用\study-dashboard\backend\.venv\Lib\site-packages\fastapi\routing.py", line 1780, in handle
    await self.original_router.handle(scope, receive, send)
  File "E:\agent专用\study-dashboard\backend\.venv\Lib\site-packages\fastapi\routing.py", line 2789, in handle
    await included_router._handle_selected(scope, receive, send)
  File "E:\agent专用\study-dashboard\backend\.venv\Lib\site-packages\fastapi\routing.py", line 1800, in _handle_selected
    await original_route.handle(scope, receive, send)
  File "E:\agent专用\study-dashboard\backend\.venv\Lib\site-packages\fastapi\routing.py", line 1279, in handle
    await app(scope, receive, send)
  File "E:\agent专用\study-dashboard\backend\.venv\Lib\site-packages\fastapi\routing.py", line 158, in app
    await wrap_app_handling_exceptions(app, request)(scope, receive, send)
  File "E:\agent专用\study-dashboard\backend\.venv\Lib\site-packages\starlette\_exception_handler.py", line 53, in wrapped_app
    raise exc
  File "E:\agent专用\study-dashboard\backend\.venv\Lib\site-packages\starlette\_exception_handler.py", line 42, in wrapped_app
    await app(scope, receive, sender)
  File "E:\agent专用\study-dashboard\backend\.venv\Lib\site-packages\fastapi\routing.py", line 144, in app
    response = await f(request)
               ^^^^^^^^^^^^^^^^
  File "E:\agent专用\study-dashboard\backend\.venv\Lib\site-packages\fastapi\routing.py", line 706, in app
    raw_response = await run_endpoint_function(
                   ^^^^^^^^^^^^^^^^^^^^^^^^^^^^
  File "E:\agent专用\study-dashboard\backend\.venv\Lib\site-packages\fastapi\routing.py", line 354, in run_endpoint_function
    return await run_in_threadpool(dependant.call, **values)
           ^^^^^^^^^^^^^^^^^^^^^^^^^^^^^^^^^^^^^^^^^^^^^^^^^
  File "E:\agent专用\study-dashboard\backend\.venv\Lib\site-packages\starlette\concurrency.py", line 34, in run_in_threadpool
    return await anyio.to_thread.run_sync(func)
           ^^^^^^^^^^^^^^^^^^^^^^^^^^^^^^^^^^^^
  File "E:\agent专用\study-dashboard\backend\.venv\Lib\site-packages\anyio\to_thread.py", line 65, in run_sync
    return await get_async_backend().run_sync_in_worker_thread(
           ^^^^^^^^^^^^^^^^^^^^^^^^^^^^^^^^^^^^^^^^^^^^^^^^^^^^
  File "E:\agent专用\study-dashboard\backend\.venv\Lib\site-packages\anyio\_backends\_asyncio.py", line 2641, in run_sync_in_worker_thread
    return await future
           ^^^^^^^^^^^^
  File "E:\agent专用\study-dashboard\backend\.venv\Lib\site-packages\anyio\_backends\_asyncio.py", line 1033, in run
    result = context.run(func, *args)
             ^^^^^^^^^^^^^^^^^^^^^^^^
  File "E:\agent专用\study-dashboard\backend\app\routers\habits.py", line 85, in list_habits
    tasks = db.scalars(
            ^^^^^^^^^^^
  File "E:\agent专用\study-dashboard\backend\.venv\Lib\site-packages\sqlalchemy\orm\session.py", line 2481, in scalars
    return self._execute_internal(
           ^^^^^^^^^^^^^^^^^^^^^^^
  File "E:\agent专用\study-dashboard\backend\.venv\Lib\site-packages\sqlalchemy\orm\session.py", line 2271, in _execute_internal
    result: Result[Any] = compile_state_cls.orm_execute_statement(
                          ^^^^^^^^^^^^^^^^^^^^^^^^^^^^^^^^^^^^^^^^
  File "E:\agent专用\study-dashboard\backend\.venv\Lib\site-packages\sqlalchemy\orm\context.py", line 306, in orm_execute_statement
    result = conn.execute(
             ^^^^^^^^^^^^^
  File "E:\agent专用\study-dashboard\backend\.venv\Lib\site-packages\sqlalchemy\engine\base.py", line 1421, in execute
    return meth(
           ^^^^^
  File "E:\agent专用\study-dashboard\backend\.venv\Lib\site-packages\sqlalchemy\sql\elements.py", line 526, in _execute_on_connection
    return connection._execute_clauseelement(
           ^^^^^^^^^^^^^^^^^^^^^^^^^^^^^^^^^^
  File "E:\agent专用\study-dashboard\backend\.venv\Lib\site-packages\sqlalchemy\engine\base.py", line 1643, in _execute_clauseelement
    ret = self._execute_context(
          ^^^^^^^^^^^^^^^^^^^^^^
  File "E:\agent专用\study-dashboard\backend\.venv\Lib\site-packages\sqlalchemy\engine\base.py", line 1848, in _execute_context
    return self._exec_single_context(
           ^^^^^^^^^^^^^^^^^^^^^^^^^^
  File "E:\agent专用\study-dashboard\backend\.venv\Lib\site-packages\sqlalchemy\engine\base.py", line 1988, in _exec_single_context
    self._handle_dbapi_exception(
  File "E:\agent专用\study-dashboard\backend\.venv\Lib\site-packages\sqlalchemy\engine\base.py", line 2365, in _handle_dbapi_exception
    raise sqlalchemy_exception.with_traceback(exc_info[2]) from e
  File "E:\agent专用\study-dashboard\backend\.venv\Lib\site-packages\sqlalchemy\engine\base.py", line 1969, in _exec_single_context
    self.dialect.do_execute(
  File "E:\agent专用\study-dashboard\backend\.venv\Lib\site-packages\sqlalchemy\engine\default.py", line 952, in do_execute
    cursor.execute(statement, parameters)
sqlalchemy.exc.OperationalError: (sqlite3.OperationalError) no such column: tasks.habit_days
[SQL: SELECT tasks.id, tasks.user_id, tasks.plan_id, tasks.title, tasks.subject, tasks.estimated_minutes, tasks.status, tasks.is_habit, tasks.habit_frequency, tasks.habit_days, tasks.created_at, tasks.completed_at 
FROM tasks 
WHERE tasks.user_id = ? AND tasks.is_habit IS 1 ORDER BY tasks.created_at DESC]
[parameters: (3,)]
(Background on this error at: https://sqlalche.me/e/20/e3q8)
INFO:     127.0.0.1:58005 - "GET /assets/FilesView-SDLoDWVP.js HTTP/1.1" 304 Not Modified
INFO:     127.0.0.1:58005 - "GET /api/files?scope=mine HTTP/1.1" 200 OK
INFO:     127.0.0.1:58005 - "GET /api/health HTTP/1.1" 200 OK
INFO:     127.0.0.1:55864 - "GET /api/health HTTP/1.1" 200 OK
INFO:     127.0.0.1:52761 - "GET /api/health HTTP/1.1" 200 OK
INFO:     127.0.0.1:59623 - "GET /api/health HTTP/1.1" 200 OK
INFO:     127.0.0.1:50497 - "GET /api/health HTTP/1.1" 200 OK
INFO:     127.0.0.1:50240 - "GET /api/health HTTP/1.1" 200 OK
INFO:     127.0.0.1:49766 - "GET /api/health HTTP/1.1" 200 OK
INFO:     127.0.0.1:52136 - "GET /api/health HTTP/1.1" 200 OK
INFO:     127.0.0.1:64275 - "GET /api/health HTTP/1.1" 200 OK
INFO:     127.0.0.1:55195 - "GET /api/health HTTP/1.1" 200 OK
INFO:     127.0.0.1:52208 - "GET /api/health HTTP/1.1" 200 OK
INFO:     127.0.0.1:65340 - "GET /api/health HTTP/1.1" 200 OK
INFO:     127.0.0.1:57093 - "GET /api/health HTTP/1.1" 200 OK
INFO:     127.0.0.1:60259 - "GET /api/health HTTP/1.1" 200 OK
INFO:     127.0.0.1:50451 - "GET /api/health HTTP/1.1" 200 OK
INFO:     127.0.0.1:57894 - "GET /api/health HTTP/1.1" 200 OK
INFO:     127.0.0.1:58587 - "GET /api/health HTTP/1.1" 200 OK
INFO:     127.0.0.1:50846 - "GET /api/health HTTP/1.1" 200 OK
INFO:     127.0.0.1:63495 - "GET /api/health HTTP/1.1" 200 OK
INFO:     127.0.0.1:49173 - "GET /api/health HTTP/1.1" 200 OK
INFO:     127.0.0.1:52241 - "GET /api/health HTTP/1.1" 200 OK
INFO:     127.0.0.1:56380 - "GET /api/health HTTP/1.1" 200 OK
INFO:     127.0.0.1:51365 - "GET /api/health HTTP/1.1" 200 OK
INFO:     127.0.0.1:49264 - "GET /api/health HTTP/1.1" 200 OK
INFO:     127.0.0.1:56457 - "GET /api/health HTTP/1.1" 200 OK
INFO:     127.0.0.1:55639 - "GET /api/health HTTP/1.1" 200 OK
INFO:     127.0.0.1:62465 - "GET /api/health HTTP/1.1" 200 OK
INFO:     127.0.0.1:56064 - "GET /api/health HTTP/1.1" 200 OK
INFO:     127.0.0.1:52042 - "GET /api/health HTTP/1.1" 200 OK
INFO:     127.0.0.1:61057 - "GET /api/health HTTP/1.1" 200 OK
INFO:     127.0.0.1:56898 - "GET /api/health HTTP/1.1" 200 OK
INFO:     127.0.0.1:64203 - "GET /api/health HTTP/1.1" 200 OK
INFO:     127.0.0.1:57757 - "GET /api/health HTTP/1.1" 200 OK
INFO:     127.0.0.1:60407 - "GET /api/health HTTP/1.1" 200 OK
INFO:     127.0.0.1:57771 - "GET /api/health HTTP/1.1" 200 OK
INFO:     127.0.0.1:62608 - "GET /api/health HTTP/1.1" 200 OK
INFO:     127.0.0.1:51209 - "GET /api/health HTTP/1.1" 200 OK
INFO:     127.0.0.1:55232 - "GET /api/health HTTP/1.1" 200 OK
INFO:     127.0.0.1:62622 - "GET /api/health HTTP/1.1" 200 OK
INFO:     127.0.0.1:49669 - "GET /api/health HTTP/1.1" 200 OK
INFO:     127.0.0.1:59098 - "GET /api/health HTTP/1.1" 200 OK
INFO:     127.0.0.1:57600 - "GET /api/health HTTP/1.1" 200 OK
INFO:     127.0.0.1:64676 - "GET /api/health HTTP/1.1" 200 OK
INFO:     127.0.0.1:61142 - "GET /api/health HTTP/1.1" 200 OK
INFO:     127.0.0.1:55635 - "GET /api/health HTTP/1.1" 200 OK
INFO:     127.0.0.1:51502 - "GET /api/health HTTP/1.1" 200 OK
INFO:     127.0.0.1:54742 - "GET /api/health HTTP/1.1" 200 OK
INFO:     127.0.0.1:60590 - "GET /api/health HTTP/1.1" 200 OK
INFO:     127.0.0.1:50576 - "GET /api/health HTTP/1.1" 200 OK
INFO:     127.0.0.1:49669 - "GET /api/health HTTP/1.1" 200 OK
INFO:     127.0.0.1:52670 - "GET /api/health HTTP/1.1" 200 OK
INFO:     127.0.0.1:62723 - "GET /api/health HTTP/1.1" 200 OK
INFO:     127.0.0.1:54637 - "GET /api/health HTTP/1.1" 200 OK
INFO:     127.0.0.1:61051 - "GET /api/health HTTP/1.1" 200 OK
INFO:     127.0.0.1:59417 - "GET /api/health HTTP/1.1" 200 OK
INFO:     127.0.0.1:61217 - "GET /api/health HTTP/1.1" 200 OK
INFO:     127.0.0.1:63880 - "GET /api/health HTTP/1.1" 200 OK
INFO:     127.0.0.1:55770 - "GET /api/health HTTP/1.1" 200 OK
INFO:     127.0.0.1:63568 - "GET /api/health HTTP/1.1" 200 OK
INFO:     127.0.0.1:59424 - "GET /api/health HTTP/1.1" 200 OK
INFO:     127.0.0.1:64871 - "GET /api/health HTTP/1.1" 200 OK
INFO:     127.0.0.1:51879 - "GET /api/health HTTP/1.1" 200 OK
INFO:     127.0.0.1:51407 - "GET /api/health HTTP/1.1" 200 OK
INFO:     127.0.0.1:62124 - "GET /api/health HTTP/1.1" 200 OK
INFO:     127.0.0.1:49794 - "GET /api/health HTTP/1.1" 200 OK
INFO:     127.0.0.1:58168 - "GET /api/health HTTP/1.1" 200 OK
INFO:     127.0.0.1:51047 - "GET /api/health HTTP/1.1" 200 OK
INFO:     127.0.0.1:61854 - "GET /api/health HTTP/1.1" 200 OK
INFO:     127.0.0.1:49669 - "GET /api/health HTTP/1.1" 200 OK
INFO:     127.0.0.1:52206 - "GET /api/health HTTP/1.1" 200 OK
INFO:     127.0.0.1:57480 - "GET /api/health HTTP/1.1" 200 OK
INFO:     127.0.0.1:53346 - "GET /api/health HTTP/1.1" 200 OK
INFO:     127.0.0.1:61053 - "GET /api/health HTTP/1.1" 200 OK
INFO:     127.0.0.1:61356 - "GET /api/health HTTP/1.1" 200 OK
INFO:     127.0.0.1:62102 - "GET /api/health HTTP/1.1" 200 OK
INFO:     127.0.0.1:49829 - "GET /api/health HTTP/1.1" 200 OK
INFO:     127.0.0.1:63582 - "GET /api/health HTTP/1.1" 200 OK
INFO:     127.0.0.1:56086 - "GET /api/health HTTP/1.1" 200 OK
INFO:     127.0.0.1:52783 - "GET /api/health HTTP/1.1" 200 OK
INFO:     127.0.0.1:55956 - "GET /api/health HTTP/1.1" 200 OK
INFO:     127.0.0.1:58272 - "GET /api/health HTTP/1.1" 200 OK
INFO:     127.0.0.1:55685 - "GET /api/health HTTP/1.1" 200 OK
INFO:     127.0.0.1:65000 - "GET /api/health HTTP/1.1" 200 OK
INFO:     127.0.0.1:56841 - "GET /api/health HTTP/1.1" 200 OK
INFO:     127.0.0.1:52532 - "GET /api/health HTTP/1.1" 200 OK
INFO:     127.0.0.1:58554 - "GET /api/health HTTP/1.1" 200 OK
INFO:     127.0.0.1:51567 - "GET /api/health HTTP/1.1" 200 OK
INFO:     127.0.0.1:54177 - "GET /api/health HTTP/1.1" 200 OK
INFO:     127.0.0.1:52044 - "GET /api/health HTTP/1.1" 200 OK
INFO:     127.0.0.1:54416 - "GET /api/health HTTP/1.1" 200 OK
INFO:     127.0.0.1:52557 - "GET /api/health HTTP/1.1" 200 OK
INFO:     127.0.0.1:62373 - "GET /api/health HTTP/1.1" 200 OK
INFO:     127.0.0.1:56844 - "GET /api/health HTTP/1.1" 200 OK
INFO:     127.0.0.1:60182 - "GET /api/health HTTP/1.1" 200 OK
INFO:     127.0.0.1:63177 - "GET /api/health HTTP/1.1" 200 OK
INFO:     127.0.0.1:58570 - "GET /api/health HTTP/1.1" 200 OK
INFO:     127.0.0.1:62614 - "GET /api/health HTTP/1.1" 200 OK
INFO:     127.0.0.1:56109 - "GET /api/health HTTP/1.1" 200 OK
INFO:     127.0.0.1:60293 - "GET /api/health HTTP/1.1" 200 OK
INFO:     127.0.0.1:52522 - "GET /api/health HTTP/1.1" 200 OK
INFO:     127.0.0.1:54663 - "GET /api/health HTTP/1.1" 200 OK
INFO:     127.0.0.1:51104 - "GET /api/health HTTP/1.1" 200 OK
INFO:     127.0.0.1:60717 - "GET /api/health HTTP/1.1" 200 OK
INFO:     Started server process [10644]
INFO:     Waiting for application startup.
INFO:     Application startup complete.
INFO:     Uvicorn running on http://127.0.0.1:8000 (Press CTRL+C to quit)
INFO:     127.0.0.1:60925 - "GET /api/health HTTP/1.1" 200 OK
INFO:     127.0.0.1:50075 - "GET / HTTP/1.1" 200 OK
INFO:     127.0.0.1:57614 - "GET /assets/index-MW0RoJNz.css HTTP/1.1" 200 OK
INFO:     127.0.0.1:50075 - "GET /assets/index-BiRwBDCN.js HTTP/1.1" 200 OK
INFO:     127.0.0.1:50075 - "GET /api/health HTTP/1.1" 200 OK
INFO:     127.0.0.1:50075 - "GET /api/health HTTP/1.1" 200 OK
INFO:     127.0.0.1:57614 - "GET /api/auth/me HTTP/1.1" 200 OK
INFO:     127.0.0.1:57614 - "GET /api/auth/me HTTP/1.1" 200 OK
INFO:     127.0.0.1:57614 - "GET /api/auth/me HTTP/1.1" 200 OK
INFO:     127.0.0.1:50075 - "GET /assets/DashboardView-DszuefK8.js HTTP/1.1" 200 OK
INFO:     127.0.0.1:57418 - "GET /assets/stats-B1_Jyazg.js HTTP/1.1" 200 OK
INFO:     127.0.0.1:49942 - "GET /assets/tasks-DZ9lGmcM.js HTTP/1.1" 200 OK
INFO:     127.0.0.1:57614 - "GET /api/settings HTTP/1.1" 200 OK
INFO:     127.0.0.1:63297 - "GET /assets/math-CnLqCkfb.js HTTP/1.1" 200 OK
INFO:     127.0.0.1:53575 - "GET /assets/reviews-DLOg80-V.js HTTP/1.1" 200 OK
INFO:     127.0.0.1:57614 - "GET /favicon.ico HTTP/1.1" 200 OK
INFO:     127.0.0.1:49942 - "GET /api/stats/heatmap?days=105 HTTP/1.1" 200 OK
INFO:     127.0.0.1:50075 - "GET /api/stats/today HTTP/1.1" 500 Internal Server Error
ERROR:    Exception in ASGI application
Traceback (most recent call last):
  File "E:\agent专用\study-dashboard\backend\.venv\Lib\site-packages\sqlalchemy\engine\base.py", line 1969, in _exec_single_context
    self.dialect.do_execute(
  File "E:\agent专用\study-dashboard\backend\.venv\Lib\site-packages\sqlalchemy\engine\default.py", line 952, in do_execute
    cursor.execute(statement, parameters)
sqlite3.OperationalError: no such column: tasks.habit_days

The above exception was the direct cause of the following exception:

Traceback (most recent call last):
  File "E:\agent专用\study-dashboard\backend\.venv\Lib\site-packages\uvicorn\protocols\http\httptools_impl.py", line 422, in run_asgi
    result = await app(  # type: ignore[func-returns-value]
             ^^^^^^^^^^^^^^^^^^^^^^^^^^^^^^^^^^^^^^^^^^^^^^
  File "E:\agent专用\study-dashboard\backend\.venv\Lib\site-packages\uvicorn\middleware\proxy_headers.py", line 63, in __call__
    return await self.app(scope, receive, send)
           ^^^^^^^^^^^^^^^^^^^^^^^^^^^^^^^^^^^^
  File "E:\agent专用\study-dashboard\backend\.venv\Lib\site-packages\fastapi\applications.py", line 1163, in __call__
    await super().__call__(scope, receive, send)
  File "E:\agent专用\study-dashboard\backend\.venv\Lib\site-packages\starlette\applications.py", line 96, in __call__
    await self.middleware_stack(scope, receive, send)
  File "E:\agent专用\study-dashboard\backend\.venv\Lib\site-packages\starlette\middleware\errors.py", line 186, in __call__
    raise exc
  File "E:\agent专用\study-dashboard\backend\.venv\Lib\site-packages\starlette\middleware\errors.py", line 164, in __call__
    await self.app(scope, receive, _send)
  File "E:\agent专用\study-dashboard\backend\.venv\Lib\site-packages\starlette\middleware\cors.py", line 88, in __call__
    await self.app(scope, receive, send)
  File "E:\agent专用\study-dashboard\backend\.venv\Lib\site-packages\starlette\middleware\exceptions.py", line 63, in __call__
    await wrap_app_handling_exceptions(self.app, conn)(scope, receive, send)
  File "E:\agent专用\study-dashboard\backend\.venv\Lib\site-packages\starlette\_exception_handler.py", line 53, in wrapped_app
    raise exc
  File "E:\agent专用\study-dashboard\backend\.venv\Lib\site-packages\starlette\_exception_handler.py", line 42, in wrapped_app
    await app(scope, receive, sender)
  File "E:\agent专用\study-dashboard\backend\.venv\Lib\site-packages\fastapi\middleware\asyncexitstack.py", line 18, in __call__
    await self.app(scope, receive, send)
  File "E:\agent专用\study-dashboard\backend\.venv\Lib\site-packages\starlette\routing.py", line 670, in __call__
    await self.middleware_stack(scope, receive, send)
  File "E:\agent专用\study-dashboard\backend\.venv\Lib\site-packages\fastapi\routing.py", line 2734, in app
    await route.handle(scope, receive, send)
  File "E:\agent专用\study-dashboard\backend\.venv\Lib\site-packages\fastapi\routing.py", line 1780, in handle
    await self.original_router.handle(scope, receive, send)
  File "E:\agent专用\study-dashboard\backend\.venv\Lib\site-packages\fastapi\routing.py", line 2789, in handle
    await included_router._handle_selected(scope, receive, send)
  File "E:\agent专用\study-dashboard\backend\.venv\Lib\site-packages\fastapi\routing.py", line 1800, in _handle_selected
    await original_route.handle(scope, receive, send)
  File "E:\agent专用\study-dashboard\backend\.venv\Lib\site-packages\fastapi\routing.py", line 1279, in handle
    await app(scope, receive, send)
  File "E:\agent专用\study-dashboard\backend\.venv\Lib\site-packages\fastapi\routing.py", line 158, in app
    await wrap_app_handling_exceptions(app, request)(scope, receive, send)
  File "E:\agent专用\study-dashboard\backend\.venv\Lib\site-packages\starlette\_exception_handler.py", line 53, in wrapped_app
    raise exc
  File "E:\agent专用\study-dashboard\backend\.venv\Lib\site-packages\starlette\_exception_handler.py", line 42, in wrapped_app
    await app(scope, receive, sender)
  File "E:\agent专用\study-dashboard\backend\.venv\Lib\site-packages\fastapi\routing.py", line 144, in app
    response = await f(request)
               ^^^^^^^^^^^^^^^^
  File "E:\agent专用\study-dashboard\backend\.venv\Lib\site-packages\fastapi\routing.py", line 706, in app
    raw_response = await run_endpoint_function(
                   ^^^^^^^^^^^^^^^^^^^^^^^^^^^^
  File "E:\agent专用\study-dashboard\backend\.venv\Lib\site-packages\fastapi\routing.py", line 354, in run_endpoint_function
    return await run_in_threadpool(dependant.call, **values)
           ^^^^^^^^^^^^^^^^^^^^^^^^^^^^^^^^^^^^^^^^^^^^^^^^^
  File "E:\agent专用\study-dashboard\backend\.venv\Lib\site-packages\starlette\concurrency.py", line 34, in run_in_threadpool
    return await anyio.to_thread.run_sync(func)
           ^^^^^^^^^^^^^^^^^^^^^^^^^^^^^^^^^^^^
  File "E:\agent专用\study-dashboard\backend\.venv\Lib\site-packages\anyio\to_thread.py", line 65, in run_sync
    return await get_async_backend().run_sync_in_worker_thread(
           ^^^^^^^^^^^^^^^^^^^^^^^^^^^^^^^^^^^^^^^^^^^^^^^^^^^^
  File "E:\agent专用\study-dashboard\backend\.venv\Lib\site-packages\anyio\_backends\_asyncio.py", line 2641, in run_sync_in_worker_thread
    return await future
           ^^^^^^^^^^^^
  File "E:\agent专用\study-dashboard\backend\.venv\Lib\site-packages\anyio\_backends\_asyncio.py", line 1033, in run
    result = context.run(func, *args)
             ^^^^^^^^^^^^^^^^^^^^^^^^
  File "E:\agent专用\study-dashboard\backend\app\routers\stats.py", line 36, in today_stats
    tasks_done = db.scalars(
                 ^^^^^^^^^^^
  File "E:\agent专用\study-dashboard\backend\.venv\Lib\site-packages\sqlalchemy\orm\session.py", line 2481, in scalars
    return self._execute_internal(
           ^^^^^^^^^^^^^^^^^^^^^^^
  File "E:\agent专用\study-dashboard\backend\.venv\Lib\site-packages\sqlalchemy\orm\session.py", line 2271, in _execute_internal
    result: Result[Any] = compile_state_cls.orm_execute_statement(
                          ^^^^^^^^^^^^^^^^^^^^^^^^^^^^^^^^^^^^^^^^
  File "E:\agent专用\study-dashboard\backend\.venv\Lib\site-packages\sqlalchemy\orm\context.py", line 306, in orm_execute_statement
    result = conn.execute(
             ^^^^^^^^^^^^^
  File "E:\agent专用\study-dashboard\backend\.venv\Lib\site-packages\sqlalchemy\engine\base.py", line 1421, in execute
    return meth(
           ^^^^^
  File "E:\agent专用\study-dashboard\backend\.venv\Lib\site-packages\sqlalchemy\sql\elements.py", line 526, in _execute_on_connection
    return connection._execute_clauseelement(
           ^^^^^^^^^^^^^^^^^^^^^^^^^^^^^^^^^^
  File "E:\agent专用\study-dashboard\backend\.venv\Lib\site-packages\sqlalchemy\engine\base.py", line 1643, in _execute_clauseelement
    ret = self._execute_context(
          ^^^^^^^^^^^^^^^^^^^^^^
  File "E:\agent专用\study-dashboard\backend\.venv\Lib\site-packages\sqlalchemy\engine\base.py", line 1848, in _execute_context
    return self._exec_single_context(
           ^^^^^^^^^^^^^^^^^^^^^^^^^^
  File "E:\agent专用\study-dashboard\backend\.venv\Lib\site-packages\sqlalchemy\engine\base.py", line 1988, in _exec_single_context
    self._handle_dbapi_exception(
  File "E:\agent专用\study-dashboard\backend\.venv\Lib\site-packages\sqlalchemy\engine\base.py", line 2365, in _handle_dbapi_exception
    raise sqlalchemy_exception.with_traceback(exc_info[2]) from e
  File "E:\agent专用\study-dashboard\backend\.venv\Lib\site-packages\sqlalchemy\engine\base.py", line 1969, in _exec_single_context
    self.dialect.do_execute(
  File "E:\agent专用\study-dashboard\backend\.venv\Lib\site-packages\sqlalchemy\engine\default.py", line 952, in do_execute
    cursor.execute(statement, parameters)
sqlalchemy.exc.OperationalError: (sqlite3.OperationalError) no such column: tasks.habit_days
[SQL: SELECT tasks.id, tasks.user_id, tasks.plan_id, tasks.title, tasks.subject, tasks.estimated_minutes, tasks.status, tasks.is_habit, tasks.habit_frequency, tasks.habit_days, tasks.created_at, tasks.completed_at 
FROM tasks 
WHERE tasks.user_id = ? AND tasks.status = ? AND tasks.completed_at >= ? AND tasks.completed_at <= ?]
[parameters: (3, 'done', '2026-08-19 00:00:00.000000', '2026-08-19 23:59:59.999999')]
(Background on this error at: https://sqlalche.me/e/20/e3q8)
INFO:     127.0.0.1:57418 - "GET /api/stats/streak HTTP/1.1" 200 OK
INFO:     127.0.0.1:57614 - "GET /api/reviews?status=due HTTP/1.1" 200 OK
INFO:     127.0.0.1:63297 - "GET /api/habits HTTP/1.1" 500 Internal Server Error
ERROR:    Exception in ASGI application
Traceback (most recent call last):
  File "E:\agent专用\study-dashboard\backend\.venv\Lib\site-packages\sqlalchemy\engine\base.py", line 1969, in _exec_single_context
    self.dialect.do_execute(
  File "E:\agent专用\study-dashboard\backend\.venv\Lib\site-packages\sqlalchemy\engine\default.py", line 952, in do_execute
    cursor.execute(statement, parameters)
sqlite3.OperationalError: no such column: tasks.habit_days

The above exception was the direct cause of the following exception:

Traceback (most recent call last):
  File "E:\agent专用\study-dashboard\backend\.venv\Lib\site-packages\uvicorn\protocols\http\httptools_impl.py", line 422, in run_asgi
    result = await app(  # type: ignore[func-returns-value]
             ^^^^^^^^^^^^^^^^^^^^^^^^^^^^^^^^^^^^^^^^^^^^^^
  File "E:\agent专用\study-dashboard\backend\.venv\Lib\site-packages\uvicorn\middleware\proxy_headers.py", line 63, in __call__
    return await self.app(scope, receive, send)
           ^^^^^^^^^^^^^^^^^^^^^^^^^^^^^^^^^^^^
  File "E:\agent专用\study-dashboard\backend\.venv\Lib\site-packages\fastapi\applications.py", line 1163, in __call__
    await super().__call__(scope, receive, send)
  File "E:\agent专用\study-dashboard\backend\.venv\Lib\site-packages\starlette\applications.py", line 96, in __call__
    await self.middleware_stack(scope, receive, send)
  File "E:\agent专用\study-dashboard\backend\.venv\Lib\site-packages\starlette\middleware\errors.py", line 186, in __call__
    raise exc
  File "E:\agent专用\study-dashboard\backend\.venv\Lib\site-packages\starlette\middleware\errors.py", line 164, in __call__
    await self.app(scope, receive, _send)
  File "E:\agent专用\study-dashboard\backend\.venv\Lib\site-packages\starlette\middleware\cors.py", line 88, in __call__
    await self.app(scope, receive, send)
  File "E:\agent专用\study-dashboard\backend\.venv\Lib\site-packages\starlette\middleware\exceptions.py", line 63, in __call__
    await wrap_app_handling_exceptions(self.app, conn)(scope, receive, send)
  File "E:\agent专用\study-dashboard\backend\.venv\Lib\site-packages\starlette\_exception_handler.py", line 53, in wrapped_app
    raise exc
  File "E:\agent专用\study-dashboard\backend\.venv\Lib\site-packages\starlette\_exception_handler.py", line 42, in wrapped_app
    await app(scope, receive, sender)
  File "E:\agent专用\study-dashboard\backend\.venv\Lib\site-packages\fastapi\middleware\asyncexitstack.py", line 18, in __call__
    await self.app(scope, receive, send)
  File "E:\agent专用\study-dashboard\backend\.venv\Lib\site-packages\starlette\routing.py", line 670, in __call__
    await self.middleware_stack(scope, receive, send)
  File "E:\agent专用\study-dashboard\backend\.venv\Lib\site-packages\fastapi\routing.py", line 2734, in app
    await route.handle(scope, receive, send)
  File "E:\agent专用\study-dashboard\backend\.venv\Lib\site-packages\fastapi\routing.py", line 1780, in handle
    await self.original_router.handle(scope, receive, send)
  File "E:\agent专用\study-dashboard\backend\.venv\Lib\site-packages\fastapi\routing.py", line 2789, in handle
    await included_router._handle_selected(scope, receive, send)
  File "E:\agent专用\study-dashboard\backend\.venv\Lib\site-packages\fastapi\routing.py", line 1800, in _handle_selected
    await original_route.handle(scope, receive, send)
  File "E:\agent专用\study-dashboard\backend\.venv\Lib\site-packages\fastapi\routing.py", line 1279, in handle
    await app(scope, receive, send)
  File "E:\agent专用\study-dashboard\backend\.venv\Lib\site-packages\fastapi\routing.py", line 158, in app
    await wrap_app_handling_exceptions(app, request)(scope, receive, send)
  File "E:\agent专用\study-dashboard\backend\.venv\Lib\site-packages\starlette\_exception_handler.py", line 53, in wrapped_app
    raise exc
  File "E:\agent专用\study-dashboard\backend\.venv\Lib\site-packages\starlette\_exception_handler.py", line 42, in wrapped_app
    await app(scope, receive, sender)
  File "E:\agent专用\study-dashboard\backend\.venv\Lib\site-packages\fastapi\routing.py", line 144, in app
    response = await f(request)
               ^^^^^^^^^^^^^^^^
  File "E:\agent专用\study-dashboard\backend\.venv\Lib\site-packages\fastapi\routing.py", line 706, in app
    raw_response = await run_endpoint_function(
                   ^^^^^^^^^^^^^^^^^^^^^^^^^^^^
  File "E:\agent专用\study-dashboard\backend\.venv\Lib\site-packages\fastapi\routing.py", line 354, in run_endpoint_function
    return await run_in_threadpool(dependant.call, **values)
           ^^^^^^^^^^^^^^^^^^^^^^^^^^^^^^^^^^^^^^^^^^^^^^^^^
  File "E:\agent专用\study-dashboard\backend\.venv\Lib\site-packages\starlette\concurrency.py", line 34, in run_in_threadpool
    return await anyio.to_thread.run_sync(func)
           ^^^^^^^^^^^^^^^^^^^^^^^^^^^^^^^^^^^^
  File "E:\agent专用\study-dashboard\backend\.venv\Lib\site-packages\anyio\to_thread.py", line 65, in run_sync
    return await get_async_backend().run_sync_in_worker_thread(
           ^^^^^^^^^^^^^^^^^^^^^^^^^^^^^^^^^^^^^^^^^^^^^^^^^^^^
  File "E:\agent专用\study-dashboard\backend\.venv\Lib\site-packages\anyio\_backends\_asyncio.py", line 2641, in run_sync_in_worker_thread
    return await future
           ^^^^^^^^^^^^
  File "E:\agent专用\study-dashboard\backend\.venv\Lib\site-packages\anyio\_backends\_asyncio.py", line 1033, in run
    result = context.run(func, *args)
             ^^^^^^^^^^^^^^^^^^^^^^^^
  File "E:\agent专用\study-dashboard\backend\app\routers\habits.py", line 85, in list_habits
    tasks = db.scalars(
            ^^^^^^^^^^^
  File "E:\agent专用\study-dashboard\backend\.venv\Lib\site-packages\sqlalchemy\orm\session.py", line 2481, in scalars
    return self._execute_internal(
           ^^^^^^^^^^^^^^^^^^^^^^^
  File "E:\agent专用\study-dashboard\backend\.venv\Lib\site-packages\sqlalchemy\orm\session.py", line 2271, in _execute_internal
    result: Result[Any] = compile_state_cls.orm_execute_statement(
                          ^^^^^^^^^^^^^^^^^^^^^^^^^^^^^^^^^^^^^^^^
  File "E:\agent专用\study-dashboard\backend\.venv\Lib\site-packages\sqlalchemy\orm\context.py", line 306, in orm_execute_statement
    result = conn.execute(
             ^^^^^^^^^^^^^
  File "E:\agent专用\study-dashboard\backend\.venv\Lib\site-packages\sqlalchemy\engine\base.py", line 1421, in execute
    return meth(
           ^^^^^
  File "E:\agent专用\study-dashboard\backend\.venv\Lib\site-packages\sqlalchemy\sql\elements.py", line 526, in _execute_on_connection
    return connection._execute_clauseelement(
           ^^^^^^^^^^^^^^^^^^^^^^^^^^^^^^^^^^
  File "E:\agent专用\study-dashboard\backend\.venv\Lib\site-packages\sqlalchemy\engine\base.py", line 1643, in _execute_clauseelement
    ret = self._execute_context(
          ^^^^^^^^^^^^^^^^^^^^^^
  File "E:\agent专用\study-dashboard\backend\.venv\Lib\site-packages\sqlalchemy\engine\base.py", line 1848, in _execute_context
    return self._exec_single_context(
           ^^^^^^^^^^^^^^^^^^^^^^^^^^
  File "E:\agent专用\study-dashboard\backend\.venv\Lib\site-packages\sqlalchemy\engine\base.py", line 1988, in _exec_single_context
    self._handle_dbapi_exception(
  File "E:\agent专用\study-dashboard\backend\.venv\Lib\site-packages\sqlalchemy\engine\base.py", line 2365, in _handle_dbapi_exception
    raise sqlalchemy_exception.with_traceback(exc_info[2]) from e
  File "E:\agent专用\study-dashboard\backend\.venv\Lib\site-packages\sqlalchemy\engine\base.py", line 1969, in _exec_single_context
    self.dialect.do_execute(
  File "E:\agent专用\study-dashboard\backend\.venv\Lib\site-packages\sqlalchemy\engine\default.py", line 952, in do_execute
    cursor.execute(statement, parameters)
sqlalchemy.exc.OperationalError: (sqlite3.OperationalError) no such column: tasks.habit_days
[SQL: SELECT tasks.id, tasks.user_id, tasks.plan_id, tasks.title, tasks.subject, tasks.estimated_minutes, tasks.status, tasks.is_habit, tasks.habit_frequency, tasks.habit_days, tasks.created_at, tasks.completed_at 
FROM tasks 
WHERE tasks.user_id = ? AND tasks.is_habit IS 1 ORDER BY tasks.created_at DESC]
[parameters: (3,)]
(Background on this error at: https://sqlalche.me/e/20/e3q8)
INFO:     127.0.0.1:53575 - "GET /api/stats/trend?days=7 HTTP/1.1" 200 OK
INFO:     127.0.0.1:62565 - "GET /api/tasks HTTP/1.1" 500 Internal Server Error
ERROR:    Exception in ASGI application
Traceback (most recent call last):
  File "E:\agent专用\study-dashboard\backend\.venv\Lib\site-packages\sqlalchemy\engine\base.py", line 1969, in _exec_single_context
    self.dialect.do_execute(
  File "E:\agent专用\study-dashboard\backend\.venv\Lib\site-packages\sqlalchemy\engine\default.py", line 952, in do_execute
    cursor.execute(statement, parameters)
sqlite3.OperationalError: no such column: tasks.habit_days

The above exception was the direct cause of the following exception:

Traceback (most recent call last):
  File "E:\agent专用\study-dashboard\backend\.venv\Lib\site-packages\uvicorn\protocols\http\httptools_impl.py", line 422, in run_asgi
    result = await app(  # type: ignore[func-returns-value]
             ^^^^^^^^^^^^^^^^^^^^^^^^^^^^^^^^^^^^^^^^^^^^^^
  File "E:\agent专用\study-dashboard\backend\.venv\Lib\site-packages\uvicorn\middleware\proxy_headers.py", line 63, in __call__
    return await self.app(scope, receive, send)
           ^^^^^^^^^^^^^^^^^^^^^^^^^^^^^^^^^^^^
  File "E:\agent专用\study-dashboard\backend\.venv\Lib\site-packages\fastapi\applications.py", line 1163, in __call__
    await super().__call__(scope, receive, send)
  File "E:\agent专用\study-dashboard\backend\.venv\Lib\site-packages\starlette\applications.py", line 96, in __call__
    await self.middleware_stack(scope, receive, send)
  File "E:\agent专用\study-dashboard\backend\.venv\Lib\site-packages\starlette\middleware\errors.py", line 186, in __call__
    raise exc
  File "E:\agent专用\study-dashboard\backend\.venv\Lib\site-packages\starlette\middleware\errors.py", line 164, in __call__
    await self.app(scope, receive, _send)
  File "E:\agent专用\study-dashboard\backend\.venv\Lib\site-packages\starlette\middleware\cors.py", line 88, in __call__
    await self.app(scope, receive, send)
  File "E:\agent专用\study-dashboard\backend\.venv\Lib\site-packages\starlette\middleware\exceptions.py", line 63, in __call__
    await wrap_app_handling_exceptions(self.app, conn)(scope, receive, send)
  File "E:\agent专用\study-dashboard\backend\.venv\Lib\site-packages\starlette\_exception_handler.py", line 53, in wrapped_app
    raise exc
  File "E:\agent专用\study-dashboard\backend\.venv\Lib\site-packages\starlette\_exception_handler.py", line 42, in wrapped_app
    await app(scope, receive, sender)
  File "E:\agent专用\study-dashboard\backend\.venv\Lib\site-packages\fastapi\middleware\asyncexitstack.py", line 18, in __call__
    await self.app(scope, receive, send)
  File "E:\agent专用\study-dashboard\backend\.venv\Lib\site-packages\starlette\routing.py", line 670, in __call__
    await self.middleware_stack(scope, receive, send)
  File "E:\agent专用\study-dashboard\backend\.venv\Lib\site-packages\fastapi\routing.py", line 2734, in app
    await route.handle(scope, receive, send)
  File "E:\agent专用\study-dashboard\backend\.venv\Lib\site-packages\fastapi\routing.py", line 1780, in handle
    await self.original_router.handle(scope, receive, send)
  File "E:\agent专用\study-dashboard\backend\.venv\Lib\site-packages\fastapi\routing.py", line 2789, in handle
    await included_router._handle_selected(scope, receive, send)
  File "E:\agent专用\study-dashboard\backend\.venv\Lib\site-packages\fastapi\routing.py", line 1800, in _handle_selected
    await original_route.handle(scope, receive, send)
  File "E:\agent专用\study-dashboard\backend\.venv\Lib\site-packages\fastapi\routing.py", line 1279, in handle
    await app(scope, receive, send)
  File "E:\agent专用\study-dashboard\backend\.venv\Lib\site-packages\fastapi\routing.py", line 158, in app
    await wrap_app_handling_exceptions(app, request)(scope, receive, send)
  File "E:\agent专用\study-dashboard\backend\.venv\Lib\site-packages\starlette\_exception_handler.py", line 53, in wrapped_app
    raise exc
  File "E:\agent专用\study-dashboard\backend\.venv\Lib\site-packages\starlette\_exception_handler.py", line 42, in wrapped_app
    await app(scope, receive, sender)
  File "E:\agent专用\study-dashboard\backend\.venv\Lib\site-packages\fastapi\routing.py", line 144, in app
    response = await f(request)
               ^^^^^^^^^^^^^^^^
  File "E:\agent专用\study-dashboard\backend\.venv\Lib\site-packages\fastapi\routing.py", line 706, in app
    raw_response = await run_endpoint_function(
                   ^^^^^^^^^^^^^^^^^^^^^^^^^^^^
  File "E:\agent专用\study-dashboard\backend\.venv\Lib\site-packages\fastapi\routing.py", line 354, in run_endpoint_function
    return await run_in_threadpool(dependant.call, **values)
           ^^^^^^^^^^^^^^^^^^^^^^^^^^^^^^^^^^^^^^^^^^^^^^^^^
  File "E:\agent专用\study-dashboard\backend\.venv\Lib\site-packages\starlette\concurrency.py", line 34, in run_in_threadpool
    return await anyio.to_thread.run_sync(func)
           ^^^^^^^^^^^^^^^^^^^^^^^^^^^^^^^^^^^^
  File "E:\agent专用\study-dashboard\backend\.venv\Lib\site-packages\anyio\to_thread.py", line 65, in run_sync
    return await get_async_backend().run_sync_in_worker_thread(
           ^^^^^^^^^^^^^^^^^^^^^^^^^^^^^^^^^^^^^^^^^^^^^^^^^^^^
  File "E:\agent专用\study-dashboard\backend\.venv\Lib\site-packages\anyio\_backends\_asyncio.py", line 2641, in run_sync_in_worker_thread
    return await future
           ^^^^^^^^^^^^
  File "E:\agent专用\study-dashboard\backend\.venv\Lib\site-packages\anyio\_backends\_asyncio.py", line 1033, in run
    result = context.run(func, *args)
             ^^^^^^^^^^^^^^^^^^^^^^^^
  File "E:\agent专用\study-dashboard\backend\app\routers\tasks.py", line 81, in list_tasks
    return db.scalars(statement.order_by(Task.created_at.desc())).all()
           ^^^^^^^^^^^^^^^^^^^^^^^^^^^^^^^^^^^^^^^^^^^^^^^^^^^^^^
  File "E:\agent专用\study-dashboard\backend\.venv\Lib\site-packages\sqlalchemy\orm\session.py", line 2481, in scalars
    return self._execute_internal(
           ^^^^^^^^^^^^^^^^^^^^^^^
  File "E:\agent专用\study-dashboard\backend\.venv\Lib\site-packages\sqlalchemy\orm\session.py", line 2271, in _execute_internal
    result: Result[Any] = compile_state_cls.orm_execute_statement(
                          ^^^^^^^^^^^^^^^^^^^^^^^^^^^^^^^^^^^^^^^^
  File "E:\agent专用\study-dashboard\backend\.venv\Lib\site-packages\sqlalchemy\orm\context.py", line 306, in orm_execute_statement
    result = conn.execute(
             ^^^^^^^^^^^^^
  File "E:\agent专用\study-dashboard\backend\.venv\Lib\site-packages\sqlalchemy\engine\base.py", line 1421, in execute
    return meth(
           ^^^^^
  File "E:\agent专用\study-dashboard\backend\.venv\Lib\site-packages\sqlalchemy\sql\elements.py", line 526, in _execute_on_connection
    return connection._execute_clauseelement(
           ^^^^^^^^^^^^^^^^^^^^^^^^^^^^^^^^^^
  File "E:\agent专用\study-dashboard\backend\.venv\Lib\site-packages\sqlalchemy\engine\base.py", line 1643, in _execute_clauseelement
    ret = self._execute_context(
          ^^^^^^^^^^^^^^^^^^^^^^
  File "E:\agent专用\study-dashboard\backend\.venv\Lib\site-packages\sqlalchemy\engine\base.py", line 1848, in _execute_context
    return self._exec_single_context(
           ^^^^^^^^^^^^^^^^^^^^^^^^^^
  File "E:\agent专用\study-dashboard\backend\.venv\Lib\site-packages\sqlalchemy\engine\base.py", line 1988, in _exec_single_context
    self._handle_dbapi_exception(
  File "E:\agent专用\study-dashboard\backend\.venv\Lib\site-packages\sqlalchemy\engine\base.py", line 2365, in _handle_dbapi_exception
    raise sqlalchemy_exception.with_traceback(exc_info[2]) from e
  File "E:\agent专用\study-dashboard\backend\.venv\Lib\site-packages\sqlalchemy\engine\base.py", line 1969, in _exec_single_context
    self.dialect.do_execute(
  File "E:\agent专用\study-dashboard\backend\.venv\Lib\site-packages\sqlalchemy\engine\default.py", line 952, in do_execute
    cursor.execute(statement, parameters)
sqlalchemy.exc.OperationalError: (sqlite3.OperationalError) no such column: tasks.habit_days
[SQL: SELECT tasks.id, tasks.user_id, tasks.plan_id, tasks.title, tasks.subject, tasks.estimated_minutes, tasks.status, tasks.is_habit, tasks.habit_frequency, tasks.habit_days, tasks.created_at, tasks.completed_at 
FROM tasks 
WHERE tasks.user_id = ? ORDER BY tasks.created_at DESC]
[parameters: (3,)]
(Background on this error at: https://sqlalche.me/e/20/e3q8)
INFO:     127.0.0.1:49942 - "GET /api/math/tree HTTP/1.1" 200 OK
INFO:     127.0.0.1:57614 - "GET /assets/MathReviewView-DAEXR2hY.css HTTP/1.1" 200 OK
INFO:     127.0.0.1:53575 - "GET /assets/_plugin-vue_export-helper-DlAUqK2U.js HTTP/1.1" 200 OK
INFO:     127.0.0.1:49942 - "GET /assets/MathReviewView-DIv5rzGJ.js HTTP/1.1" 200 OK
INFO:     127.0.0.1:49942 - "GET /api/math/tree HTTP/1.1" 200 OK
INFO:     127.0.0.1:53575 - "GET /assets/KaTeX_Main-Regular-B22Nviop.woff2 HTTP/1.1" 200 OK
INFO:     127.0.0.1:49942 - "GET /assets/KaTeX_Math-Italic-t53AETM-.woff2 HTTP/1.1" 200 OK
INFO:     127.0.0.1:57614 - "GET /assets/KaTeX_Size1-Regular-mCD8mA8B.woff2 HTTP/1.1" 200 OK
INFO:     127.0.0.1:56325 - "GET /assets/KaTeX_Size2-Regular-Dy4dx90m.woff2 HTTP/1.1" 200 OK
INFO:     127.0.0.1:61599 - "PUT /api/math/items/76/progress HTTP/1.1" 200 OK
INFO:     127.0.0.1:61599 - "PUT /api/math/items/76/progress HTTP/1.1" 200 OK
INFO:     127.0.0.1:59055 - "GET /api/health HTTP/1.1" 200 OK
INFO:     127.0.0.1:59055 - "PUT /api/math/items/77/progress HTTP/1.1" 200 OK
INFO:     127.0.0.1:59055 - "PUT /api/math/items/77/progress HTTP/1.1" 200 OK
INFO:     127.0.0.1:63279 - "GET /api/health HTTP/1.1" 200 OK
INFO:     127.0.0.1:63279 - "GET /assets/StatsView-BXUNWxpk.js HTTP/1.1" 200 OK
INFO:     127.0.0.1:58991 - "GET /api/stats/trend?days=7 HTTP/1.1" 200 OK
INFO:     127.0.0.1:50215 - "GET /api/stats/heatmap?days=105 HTTP/1.1" 200 OK
INFO:     127.0.0.1:56498 - "GET /api/stats/streak HTTP/1.1" 200 OK
INFO:     127.0.0.1:63279 - "GET /api/stats/today HTTP/1.1" 500 Internal Server Error
ERROR:    Exception in ASGI application
Traceback (most recent call last):
  File "E:\agent专用\study-dashboard\backend\.venv\Lib\site-packages\sqlalchemy\engine\base.py", line 1969, in _exec_single_context
    self.dialect.do_execute(
  File "E:\agent专用\study-dashboard\backend\.venv\Lib\site-packages\sqlalchemy\engine\default.py", line 952, in do_execute
    cursor.execute(statement, parameters)
sqlite3.OperationalError: no such column: tasks.habit_days

The above exception was the direct cause of the following exception:

Traceback (most recent call last):
  File "E:\agent专用\study-dashboard\backend\.venv\Lib\site-packages\uvicorn\protocols\http\httptools_impl.py", line 422, in run_asgi
    result = await app(  # type: ignore[func-returns-value]
             ^^^^^^^^^^^^^^^^^^^^^^^^^^^^^^^^^^^^^^^^^^^^^^
  File "E:\agent专用\study-dashboard\backend\.venv\Lib\site-packages\uvicorn\middleware\proxy_headers.py", line 63, in __call__
    return await self.app(scope, receive, send)
           ^^^^^^^^^^^^^^^^^^^^^^^^^^^^^^^^^^^^
  File "E:\agent专用\study-dashboard\backend\.venv\Lib\site-packages\fastapi\applications.py", line 1163, in __call__
    await super().__call__(scope, receive, send)
  File "E:\agent专用\study-dashboard\backend\.venv\Lib\site-packages\starlette\applications.py", line 96, in __call__
    await self.middleware_stack(scope, receive, send)
  File "E:\agent专用\study-dashboard\backend\.venv\Lib\site-packages\starlette\middleware\errors.py", line 186, in __call__
    raise exc
  File "E:\agent专用\study-dashboard\backend\.venv\Lib\site-packages\starlette\middleware\errors.py", line 164, in __call__
    await self.app(scope, receive, _send)
  File "E:\agent专用\study-dashboard\backend\.venv\Lib\site-packages\starlette\middleware\cors.py", line 88, in __call__
    await self.app(scope, receive, send)
  File "E:\agent专用\study-dashboard\backend\.venv\Lib\site-packages\starlette\middleware\exceptions.py", line 63, in __call__
    await wrap_app_handling_exceptions(self.app, conn)(scope, receive, send)
  File "E:\agent专用\study-dashboard\backend\.venv\Lib\site-packages\starlette\_exception_handler.py", line 53, in wrapped_app
    raise exc
  File "E:\agent专用\study-dashboard\backend\.venv\Lib\site-packages\starlette\_exception_handler.py", line 42, in wrapped_app
    await app(scope, receive, sender)
  File "E:\agent专用\study-dashboard\backend\.venv\Lib\site-packages\fastapi\middleware\asyncexitstack.py", line 18, in __call__
    await self.app(scope, receive, send)
  File "E:\agent专用\study-dashboard\backend\.venv\Lib\site-packages\starlette\routing.py", line 670, in __call__
    await self.middleware_stack(scope, receive, send)
  File "E:\agent专用\study-dashboard\backend\.venv\Lib\site-packages\fastapi\routing.py", line 2734, in app
    await route.handle(scope, receive, send)
  File "E:\agent专用\study-dashboard\backend\.venv\Lib\site-packages\fastapi\routing.py", line 1780, in handle
    await self.original_router.handle(scope, receive, send)
  File "E:\agent专用\study-dashboard\backend\.venv\Lib\site-packages\fastapi\routing.py", line 2789, in handle
    await included_router._handle_selected(scope, receive, send)
  File "E:\agent专用\study-dashboard\backend\.venv\Lib\site-packages\fastapi\routing.py", line 1800, in _handle_selected
    await original_route.handle(scope, receive, send)
  File "E:\agent专用\study-dashboard\backend\.venv\Lib\site-packages\fastapi\routing.py", line 1279, in handle
    await app(scope, receive, send)
  File "E:\agent专用\study-dashboard\backend\.venv\Lib\site-packages\fastapi\routing.py", line 158, in app
    await wrap_app_handling_exceptions(app, request)(scope, receive, send)
  File "E:\agent专用\study-dashboard\backend\.venv\Lib\site-packages\starlette\_exception_handler.py", line 53, in wrapped_app
    raise exc
  File "E:\agent专用\study-dashboard\backend\.venv\Lib\site-packages\starlette\_exception_handler.py", line 42, in wrapped_app
    await app(scope, receive, sender)
  File "E:\agent专用\study-dashboard\backend\.venv\Lib\site-packages\fastapi\routing.py", line 144, in app
    response = await f(request)
               ^^^^^^^^^^^^^^^^
  File "E:\agent专用\study-dashboard\backend\.venv\Lib\site-packages\fastapi\routing.py", line 706, in app
    raw_response = await run_endpoint_function(
                   ^^^^^^^^^^^^^^^^^^^^^^^^^^^^
  File "E:\agent专用\study-dashboard\backend\.venv\Lib\site-packages\fastapi\routing.py", line 354, in run_endpoint_function
    return await run_in_threadpool(dependant.call, **values)
           ^^^^^^^^^^^^^^^^^^^^^^^^^^^^^^^^^^^^^^^^^^^^^^^^^
  File "E:\agent专用\study-dashboard\backend\.venv\Lib\site-packages\starlette\concurrency.py", line 34, in run_in_threadpool
    return await anyio.to_thread.run_sync(func)
           ^^^^^^^^^^^^^^^^^^^^^^^^^^^^^^^^^^^^
  File "E:\agent专用\study-dashboard\backend\.venv\Lib\site-packages\anyio\to_thread.py", line 65, in run_sync
    return await get_async_backend().run_sync_in_worker_thread(
           ^^^^^^^^^^^^^^^^^^^^^^^^^^^^^^^^^^^^^^^^^^^^^^^^^^^^
  File "E:\agent专用\study-dashboard\backend\.venv\Lib\site-packages\anyio\_backends\_asyncio.py", line 2641, in run_sync_in_worker_thread
    return await future
           ^^^^^^^^^^^^
  File "E:\agent专用\study-dashboard\backend\.venv\Lib\site-packages\anyio\_backends\_asyncio.py", line 1033, in run
    result = context.run(func, *args)
             ^^^^^^^^^^^^^^^^^^^^^^^^
  File "E:\agent专用\study-dashboard\backend\app\routers\stats.py", line 36, in today_stats
    tasks_done = db.scalars(
                 ^^^^^^^^^^^
  File "E:\agent专用\study-dashboard\backend\.venv\Lib\site-packages\sqlalchemy\orm\session.py", line 2481, in scalars
    return self._execute_internal(
           ^^^^^^^^^^^^^^^^^^^^^^^
  File "E:\agent专用\study-dashboard\backend\.venv\Lib\site-packages\sqlalchemy\orm\session.py", line 2271, in _execute_internal
    result: Result[Any] = compile_state_cls.orm_execute_statement(
                          ^^^^^^^^^^^^^^^^^^^^^^^^^^^^^^^^^^^^^^^^
  File "E:\agent专用\study-dashboard\backend\.venv\Lib\site-packages\sqlalchemy\orm\context.py", line 306, in orm_execute_statement
    result = conn.execute(
             ^^^^^^^^^^^^^
  File "E:\agent专用\study-dashboard\backend\.venv\Lib\site-packages\sqlalchemy\engine\base.py", line 1421, in execute
    return meth(
           ^^^^^
  File "E:\agent专用\study-dashboard\backend\.venv\Lib\site-packages\sqlalchemy\sql\elements.py", line 526, in _execute_on_connection
    return connection._execute_clauseelement(
           ^^^^^^^^^^^^^^^^^^^^^^^^^^^^^^^^^^
  File "E:\agent专用\study-dashboard\backend\.venv\Lib\site-packages\sqlalchemy\engine\base.py", line 1643, in _execute_clauseelement
    ret = self._execute_context(
          ^^^^^^^^^^^^^^^^^^^^^^
  File "E:\agent专用\study-dashboard\backend\.venv\Lib\site-packages\sqlalchemy\engine\base.py", line 1848, in _execute_context
    return self._exec_single_context(
           ^^^^^^^^^^^^^^^^^^^^^^^^^^
  File "E:\agent专用\study-dashboard\backend\.venv\Lib\site-packages\sqlalchemy\engine\base.py", line 1988, in _exec_single_context
    self._handle_dbapi_exception(
  File "E:\agent专用\study-dashboard\backend\.venv\Lib\site-packages\sqlalchemy\engine\base.py", line 2365, in _handle_dbapi_exception
    raise sqlalchemy_exception.with_traceback(exc_info[2]) from e
  File "E:\agent专用\study-dashboard\backend\.venv\Lib\site-packages\sqlalchemy\engine\base.py", line 1969, in _exec_single_context
    self.dialect.do_execute(
  File "E:\agent专用\study-dashboard\backend\.venv\Lib\site-packages\sqlalchemy\engine\default.py", line 952, in do_execute
    cursor.execute(statement, parameters)
sqlalchemy.exc.OperationalError: (sqlite3.OperationalError) no such column: tasks.habit_days
[SQL: SELECT tasks.id, tasks.user_id, tasks.plan_id, tasks.title, tasks.subject, tasks.estimated_minutes, tasks.status, tasks.is_habit, tasks.habit_frequency, tasks.habit_days, tasks.created_at, tasks.completed_at 
FROM tasks 
WHERE tasks.user_id = ? AND tasks.status = ? AND tasks.completed_at >= ? AND tasks.completed_at <= ?]
[parameters: (3, 'done', '2026-08-19 00:00:00.000000', '2026-08-19 23:59:59.999999')]
(Background on this error at: https://sqlalche.me/e/20/e3q8)
INFO:     127.0.0.1:56498 - "GET /api/math/tree HTTP/1.1" 200 OK
INFO:     127.0.0.1:56498 - "GET /assets/ReviewsView-DB7uANt-.js HTTP/1.1" 200 OK
INFO:     127.0.0.1:56498 - "GET /api/reviews?status=due HTTP/1.1" 200 OK
INFO:     127.0.0.1:56498 - "GET /assets/FilesView-SDLoDWVP.js HTTP/1.1" 200 OK
INFO:     127.0.0.1:56498 - "GET /api/files?scope=mine HTTP/1.1" 200 OK
INFO:     127.0.0.1:56498 - "GET /assets/PlansView-DLl2qDE8.js HTTP/1.1" 200 OK
INFO:     127.0.0.1:63576 - "GET /assets/plans-DHjUlqKI.js HTTP/1.1" 200 OK
INFO:     127.0.0.1:64216 - "GET /assets/ai-f_SUWtht.js HTTP/1.1" 200 OK
INFO:     127.0.0.1:56498 - "GET /api/ai/config HTTP/1.1" 200 OK
INFO:     127.0.0.1:63576 - "GET /api/plan-templates HTTP/1.1" 200 OK
INFO:     127.0.0.1:63576 - "GET /api/plans HTTP/1.1" 200 OK
INFO:     127.0.0.1:63576 - "GET /api/tasks HTTP/1.1" 500 Internal Server Error
ERROR:    Exception in ASGI application
Traceback (most recent call last):
  File "E:\agent专用\study-dashboard\backend\.venv\Lib\site-packages\sqlalchemy\engine\base.py", line 1969, in _exec_single_context
    self.dialect.do_execute(
  File "E:\agent专用\study-dashboard\backend\.venv\Lib\site-packages\sqlalchemy\engine\default.py", line 952, in do_execute
    cursor.execute(statement, parameters)
sqlite3.OperationalError: no such column: tasks.habit_days

The above exception was the direct cause of the following exception:

Traceback (most recent call last):
  File "E:\agent专用\study-dashboard\backend\.venv\Lib\site-packages\uvicorn\protocols\http\httptools_impl.py", line 422, in run_asgi
    result = await app(  # type: ignore[func-returns-value]
             ^^^^^^^^^^^^^^^^^^^^^^^^^^^^^^^^^^^^^^^^^^^^^^
  File "E:\agent专用\study-dashboard\backend\.venv\Lib\site-packages\uvicorn\middleware\proxy_headers.py", line 63, in __call__
    return await self.app(scope, receive, send)
           ^^^^^^^^^^^^^^^^^^^^^^^^^^^^^^^^^^^^
  File "E:\agent专用\study-dashboard\backend\.venv\Lib\site-packages\fastapi\applications.py", line 1163, in __call__
    await super().__call__(scope, receive, send)
  File "E:\agent专用\study-dashboard\backend\.venv\Lib\site-packages\starlette\applications.py", line 96, in __call__
    await self.middleware_stack(scope, receive, send)
  File "E:\agent专用\study-dashboard\backend\.venv\Lib\site-packages\starlette\middleware\errors.py", line 186, in __call__
    raise exc
  File "E:\agent专用\study-dashboard\backend\.venv\Lib\site-packages\starlette\middleware\errors.py", line 164, in __call__
    await self.app(scope, receive, _send)
  File "E:\agent专用\study-dashboard\backend\.venv\Lib\site-packages\starlette\middleware\cors.py", line 88, in __call__
    await self.app(scope, receive, send)
  File "E:\agent专用\study-dashboard\backend\.venv\Lib\site-packages\starlette\middleware\exceptions.py", line 63, in __call__
    await wrap_app_handling_exceptions(self.app, conn)(scope, receive, send)
  File "E:\agent专用\study-dashboard\backend\.venv\Lib\site-packages\starlette\_exception_handler.py", line 53, in wrapped_app
    raise exc
  File "E:\agent专用\study-dashboard\backend\.venv\Lib\site-packages\starlette\_exception_handler.py", line 42, in wrapped_app
    await app(scope, receive, sender)
  File "E:\agent专用\study-dashboard\backend\.venv\Lib\site-packages\fastapi\middleware\asyncexitstack.py", line 18, in __call__
    await self.app(scope, receive, send)
  File "E:\agent专用\study-dashboard\backend\.venv\Lib\site-packages\starlette\routing.py", line 670, in __call__
    await self.middleware_stack(scope, receive, send)
  File "E:\agent专用\study-dashboard\backend\.venv\Lib\site-packages\fastapi\routing.py", line 2734, in app
    await route.handle(scope, receive, send)
  File "E:\agent专用\study-dashboard\backend\.venv\Lib\site-packages\fastapi\routing.py", line 1780, in handle
    await self.original_router.handle(scope, receive, send)
  File "E:\agent专用\study-dashboard\backend\.venv\Lib\site-packages\fastapi\routing.py", line 2789, in handle
    await included_router._handle_selected(scope, receive, send)
  File "E:\agent专用\study-dashboard\backend\.venv\Lib\site-packages\fastapi\routing.py", line 1800, in _handle_selected
    await original_route.handle(scope, receive, send)
  File "E:\agent专用\study-dashboard\backend\.venv\Lib\site-packages\fastapi\routing.py", line 1279, in handle
    await app(scope, receive, send)
  File "E:\agent专用\study-dashboard\backend\.venv\Lib\site-packages\fastapi\routing.py", line 158, in app
    await wrap_app_handling_exceptions(app, request)(scope, receive, send)
  File "E:\agent专用\study-dashboard\backend\.venv\Lib\site-packages\starlette\_exception_handler.py", line 53, in wrapped_app
    raise exc
  File "E:\agent专用\study-dashboard\backend\.venv\Lib\site-packages\starlette\_exception_handler.py", line 42, in wrapped_app
    await app(scope, receive, sender)
  File "E:\agent专用\study-dashboard\backend\.venv\Lib\site-packages\fastapi\routing.py", line 144, in app
    response = await f(request)
               ^^^^^^^^^^^^^^^^
  File "E:\agent专用\study-dashboard\backend\.venv\Lib\site-packages\fastapi\routing.py", line 706, in app
    raw_response = await run_endpoint_function(
                   ^^^^^^^^^^^^^^^^^^^^^^^^^^^^
  File "E:\agent专用\study-dashboard\backend\.venv\Lib\site-packages\fastapi\routing.py", line 354, in run_endpoint_function
    return await run_in_threadpool(dependant.call, **values)
           ^^^^^^^^^^^^^^^^^^^^^^^^^^^^^^^^^^^^^^^^^^^^^^^^^
  File "E:\agent专用\study-dashboard\backend\.venv\Lib\site-packages\starlette\concurrency.py", line 34, in run_in_threadpool
    return await anyio.to_thread.run_sync(func)
           ^^^^^^^^^^^^^^^^^^^^^^^^^^^^^^^^^^^^
  File "E:\agent专用\study-dashboard\backend\.venv\Lib\site-packages\anyio\to_thread.py", line 65, in run_sync
    return await get_async_backend().run_sync_in_worker_thread(
           ^^^^^^^^^^^^^^^^^^^^^^^^^^^^^^^^^^^^^^^^^^^^^^^^^^^^
  File "E:\agent专用\study-dashboard\backend\.venv\Lib\site-packages\anyio\_backends\_asyncio.py", line 2641, in run_sync_in_worker_thread
    return await future
           ^^^^^^^^^^^^
  File "E:\agent专用\study-dashboard\backend\.venv\Lib\site-packages\anyio\_backends\_asyncio.py", line 1033, in run
    result = context.run(func, *args)
             ^^^^^^^^^^^^^^^^^^^^^^^^
  File "E:\agent专用\study-dashboard\backend\app\routers\tasks.py", line 81, in list_tasks
    return db.scalars(statement.order_by(Task.created_at.desc())).all()
           ^^^^^^^^^^^^^^^^^^^^^^^^^^^^^^^^^^^^^^^^^^^^^^^^^^^^^^
  File "E:\agent专用\study-dashboard\backend\.venv\Lib\site-packages\sqlalchemy\orm\session.py", line 2481, in scalars
    return self._execute_internal(
           ^^^^^^^^^^^^^^^^^^^^^^^
  File "E:\agent专用\study-dashboard\backend\.venv\Lib\site-packages\sqlalchemy\orm\session.py", line 2271, in _execute_internal
    result: Result[Any] = compile_state_cls.orm_execute_statement(
                          ^^^^^^^^^^^^^^^^^^^^^^^^^^^^^^^^^^^^^^^^
  File "E:\agent专用\study-dashboard\backend\.venv\Lib\site-packages\sqlalchemy\orm\context.py", line 306, in orm_execute_statement
    result = conn.execute(
             ^^^^^^^^^^^^^
  File "E:\agent专用\study-dashboard\backend\.venv\Lib\site-packages\sqlalchemy\engine\base.py", line 1421, in execute
    return meth(
           ^^^^^
  File "E:\agent专用\study-dashboard\backend\.venv\Lib\site-packages\sqlalchemy\sql\elements.py", line 526, in _execute_on_connection
    return connection._execute_clauseelement(
           ^^^^^^^^^^^^^^^^^^^^^^^^^^^^^^^^^^
  File "E:\agent专用\study-dashboard\backend\.venv\Lib\site-packages\sqlalchemy\engine\base.py", line 1643, in _execute_clauseelement
    ret = self._execute_context(
          ^^^^^^^^^^^^^^^^^^^^^^
  File "E:\agent专用\study-dashboard\backend\.venv\Lib\site-packages\sqlalchemy\engine\base.py", line 1848, in _execute_context
    return self._exec_single_context(
           ^^^^^^^^^^^^^^^^^^^^^^^^^^
  File "E:\agent专用\study-dashboard\backend\.venv\Lib\site-packages\sqlalchemy\engine\base.py", line 1988, in _exec_single_context
    self._handle_dbapi_exception(
  File "E:\agent专用\study-dashboard\backend\.venv\Lib\site-packages\sqlalchemy\engine\base.py", line 2365, in _handle_dbapi_exception
    raise sqlalchemy_exception.with_traceback(exc_info[2]) from e
  File "E:\agent专用\study-dashboard\backend\.venv\Lib\site-packages\sqlalchemy\engine\base.py", line 1969, in _exec_single_context
    self.dialect.do_execute(
  File "E:\agent专用\study-dashboard\backend\.venv\Lib\site-packages\sqlalchemy\engine\default.py", line 952, in do_execute
    cursor.execute(statement, parameters)
sqlalchemy.exc.OperationalError: (sqlite3.OperationalError) no such column: tasks.habit_days
[SQL: SELECT tasks.id, tasks.user_id, tasks.plan_id, tasks.title, tasks.subject, tasks.estimated_minutes, tasks.status, tasks.is_habit, tasks.habit_frequency, tasks.habit_days, tasks.created_at, tasks.completed_at 
FROM tasks 
WHERE tasks.user_id = ? ORDER BY tasks.created_at DESC]
[parameters: (3,)]
(Background on this error at: https://sqlalche.me/e/20/e3q8)
INFO:     127.0.0.1:52396 - "GET /api/health HTTP/1.1" 200 OK
INFO:     127.0.0.1:57614 - "GET /api/stats/streak HTTP/1.1" 200 OK
INFO:     127.0.0.1:57522 - "GET /api/stats/trend?days=7 HTTP/1.1" 200 OK
INFO:     127.0.0.1:53189 - "GET /api/stats/heatmap?days=105 HTTP/1.1" 200 OK
INFO:     127.0.0.1:61333 - "GET /api/habits HTTP/1.1" 500 Internal Server Error
ERROR:    Exception in ASGI application
Traceback (most recent call last):
  File "E:\agent专用\study-dashboard\backend\.venv\Lib\site-packages\sqlalchemy\engine\base.py", line 1969, in _exec_single_context
    self.dialect.do_execute(
  File "E:\agent专用\study-dashboard\backend\.venv\Lib\site-packages\sqlalchemy\engine\default.py", line 952, in do_execute
    cursor.execute(statement, parameters)
sqlite3.OperationalError: no such column: tasks.habit_days

The above exception was the direct cause of the following exception:

Traceback (most recent call last):
  File "E:\agent专用\study-dashboard\backend\.venv\Lib\site-packages\uvicorn\protocols\http\httptools_impl.py", line 422, in run_asgi
    result = await app(  # type: ignore[func-returns-value]
             ^^^^^^^^^^^^^^^^^^^^^^^^^^^^^^^^^^^^^^^^^^^^^^
  File "E:\agent专用\study-dashboard\backend\.venv\Lib\site-packages\uvicorn\middleware\proxy_headers.py", line 63, in __call__
    return await self.app(scope, receive, send)
           ^^^^^^^^^^^^^^^^^^^^^^^^^^^^^^^^^^^^
  File "E:\agent专用\study-dashboard\backend\.venv\Lib\site-packages\fastapi\applications.py", line 1163, in __call__
    await super().__call__(scope, receive, send)
  File "E:\agent专用\study-dashboard\backend\.venv\Lib\site-packages\starlette\applications.py", line 96, in __call__
    await self.middleware_stack(scope, receive, send)
  File "E:\agent专用\study-dashboard\backend\.venv\Lib\site-packages\starlette\middleware\errors.py", line 186, in __call__
    raise exc
  File "E:\agent专用\study-dashboard\backend\.venv\Lib\site-packages\starlette\middleware\errors.py", line 164, in __call__
    await self.app(scope, receive, _send)
  File "E:\agent专用\study-dashboard\backend\.venv\Lib\site-packages\starlette\middleware\cors.py", line 88, in __call__
    await self.app(scope, receive, send)
  File "E:\agent专用\study-dashboard\backend\.venv\Lib\site-packages\starlette\middleware\exceptions.py", line 63, in __call__
    await wrap_app_handling_exceptions(self.app, conn)(scope, receive, send)
  File "E:\agent专用\study-dashboard\backend\.venv\Lib\site-packages\starlette\_exception_handler.py", line 53, in wrapped_app
    raise exc
  File "E:\agent专用\study-dashboard\backend\.venv\Lib\site-packages\starlette\_exception_handler.py", line 42, in wrapped_app
    await app(scope, receive, sender)
  File "E:\agent专用\study-dashboard\backend\.venv\Lib\site-packages\fastapi\middleware\asyncexitstack.py", line 18, in __call__
    await self.app(scope, receive, send)
  File "E:\agent专用\study-dashboard\backend\.venv\Lib\site-packages\starlette\routing.py", line 670, in __call__
    await self.middleware_stack(scope, receive, send)
  File "E:\agent专用\study-dashboard\backend\.venv\Lib\site-packages\fastapi\routing.py", line 2734, in app
    await route.handle(scope, receive, send)
  File "E:\agent专用\study-dashboard\backend\.venv\Lib\site-packages\fastapi\routing.py", line 1780, in handle
    await self.original_router.handle(scope, receive, send)
  File "E:\agent专用\study-dashboard\backend\.venv\Lib\site-packages\fastapi\routing.py", line 2789, in handle
    await included_router._handle_selected(scope, receive, send)
  File "E:\agent专用\study-dashboard\backend\.venv\Lib\site-packages\fastapi\routing.py", line 1800, in _handle_selected
    await original_route.handle(scope, receive, send)
  File "E:\agent专用\study-dashboard\backend\.venv\Lib\site-packages\fastapi\routing.py", line 1279, in handle
    await app(scope, receive, send)
  File "E:\agent专用\study-dashboard\backend\.venv\Lib\site-packages\fastapi\routing.py", line 158, in app
    await wrap_app_handling_exceptions(app, request)(scope, receive, send)
  File "E:\agent专用\study-dashboard\backend\.venv\Lib\site-packages\starlette\_exception_handler.py", line 53, in wrapped_app
    raise exc
  File "E:\agent专用\study-dashboard\backend\.venv\Lib\site-packages\starlette\_exception_handler.py", line 42, in wrapped_app
    await app(scope, receive, sender)
  File "E:\agent专用\study-dashboard\backend\.venv\Lib\site-packages\fastapi\routing.py", line 144, in app
    response = await f(request)
               ^^^^^^^^^^^^^^^^
  File "E:\agent专用\study-dashboard\backend\.venv\Lib\site-packages\fastapi\routing.py", line 706, in app
    raw_response = await run_endpoint_function(
                   ^^^^^^^^^^^^^^^^^^^^^^^^^^^^
  File "E:\agent专用\study-dashboard\backend\.venv\Lib\site-packages\fastapi\routing.py", line 354, in run_endpoint_function
    return await run_in_threadpool(dependant.call, **values)
           ^^^^^^^^^^^^^^^^^^^^^^^^^^^^^^^^^^^^^^^^^^^^^^^^^
  File "E:\agent专用\study-dashboard\backend\.venv\Lib\site-packages\starlette\concurrency.py", line 34, in run_in_threadpool
    return await anyio.to_thread.run_sync(func)
           ^^^^^^^^^^^^^^^^^^^^^^^^^^^^^^^^^^^^
  File "E:\agent专用\study-dashboard\backend\.venv\Lib\site-packages\anyio\to_thread.py", line 65, in run_sync
    return await get_async_backend().run_sync_in_worker_thread(
           ^^^^^^^^^^^^^^^^^^^^^^^^^^^^^^^^^^^^^^^^^^^^^^^^^^^^
  File "E:\agent专用\study-dashboard\backend\.venv\Lib\site-packages\anyio\_backends\_asyncio.py", line 2641, in run_sync_in_worker_thread
    return await future
           ^^^^^^^^^^^^
  File "E:\agent专用\study-dashboard\backend\.venv\Lib\site-packages\anyio\_backends\_asyncio.py", line 1033, in run
    result = context.run(func, *args)
             ^^^^^^^^^^^^^^^^^^^^^^^^
  File "E:\agent专用\study-dashboard\backend\app\routers\habits.py", line 85, in list_habits
    tasks = db.scalars(
            ^^^^^^^^^^^
  File "E:\agent专用\study-dashboard\backend\.venv\Lib\site-packages\sqlalchemy\orm\session.py", line 2481, in scalars
    return self._execute_internal(
           ^^^^^^^^^^^^^^^^^^^^^^^
  File "E:\agent专用\study-dashboard\backend\.venv\Lib\site-packages\sqlalchemy\orm\session.py", line 2271, in _execute_internal
    result: Result[Any] = compile_state_cls.orm_execute_statement(
                          ^^^^^^^^^^^^^^^^^^^^^^^^^^^^^^^^^^^^^^^^
  File "E:\agent专用\study-dashboard\backend\.venv\Lib\site-packages\sqlalchemy\orm\context.py", line 306, in orm_execute_statement
    result = conn.execute(
             ^^^^^^^^^^^^^
  File "E:\agent专用\study-dashboard\backend\.venv\Lib\site-packages\sqlalchemy\engine\base.py", line 1421, in execute
    return meth(
           ^^^^^
  File "E:\agent专用\study-dashboard\backend\.venv\Lib\site-packages\sqlalchemy\sql\elements.py", line 526, in _execute_on_connection
    return connection._execute_clauseelement(
           ^^^^^^^^^^^^^^^^^^^^^^^^^^^^^^^^^^
  File "E:\agent专用\study-dashboard\backend\.venv\Lib\site-packages\sqlalchemy\engine\base.py", line 1643, in _execute_clauseelement
    ret = self._execute_context(
          ^^^^^^^^^^^^^^^^^^^^^^
  File "E:\agent专用\study-dashboard\backend\.venv\Lib\site-packages\sqlalchemy\engine\base.py", line 1848, in _execute_context
    return self._exec_single_context(
           ^^^^^^^^^^^^^^^^^^^^^^^^^^
  File "E:\agent专用\study-dashboard\backend\.venv\Lib\site-packages\sqlalchemy\engine\base.py", line 1988, in _exec_single_context
    self._handle_dbapi_exception(
  File "E:\agent专用\study-dashboard\backend\.venv\Lib\site-packages\sqlalchemy\engine\base.py", line 2365, in _handle_dbapi_exception
    raise sqlalchemy_exception.with_traceback(exc_info[2]) from e
  File "E:\agent专用\study-dashboard\backend\.venv\Lib\site-packages\sqlalchemy\engine\base.py", line 1969, in _exec_single_context
    self.dialect.do_execute(
  File "E:\agent专用\study-dashboard\backend\.venv\Lib\site-packages\sqlalchemy\engine\default.py", line 952, in do_execute
    cursor.execute(statement, parameters)
sqlalchemy.exc.OperationalError: (sqlite3.OperationalError) no such column: tasks.habit_days
[SQL: SELECT tasks.id, tasks.user_id, tasks.plan_id, tasks.title, tasks.subject, tasks.estimated_minutes, tasks.status, tasks.is_habit, tasks.habit_frequency, tasks.habit_days, tasks.created_at, tasks.completed_at 
FROM tasks 
WHERE tasks.user_id = ? AND tasks.is_habit IS 1 ORDER BY tasks.created_at DESC]
[parameters: (3,)]
(Background on this error at: https://sqlalche.me/e/20/e3q8)
INFO:     127.0.0.1:52396 - "GET /api/stats/today HTTP/1.1" 500 Internal Server Error
ERROR:    Exception in ASGI application
Traceback (most recent call last):
  File "E:\agent专用\study-dashboard\backend\.venv\Lib\site-packages\sqlalchemy\engine\base.py", line 1969, in _exec_single_context
    self.dialect.do_execute(
  File "E:\agent专用\study-dashboard\backend\.venv\Lib\site-packages\sqlalchemy\engine\default.py", line 952, in do_execute
    cursor.execute(statement, parameters)
sqlite3.OperationalError: no such column: tasks.habit_days

The above exception was the direct cause of the following exception:

Traceback (most recent call last):
  File "E:\agent专用\study-dashboard\backend\.venv\Lib\site-packages\uvicorn\protocols\http\httptools_impl.py", line 422, in run_asgi
    result = await app(  # type: ignore[func-returns-value]
             ^^^^^^^^^^^^^^^^^^^^^^^^^^^^^^^^^^^^^^^^^^^^^^
  File "E:\agent专用\study-dashboard\backend\.venv\Lib\site-packages\uvicorn\middleware\proxy_headers.py", line 63, in __call__
    return await self.app(scope, receive, send)
           ^^^^^^^^^^^^^^^^^^^^^^^^^^^^^^^^^^^^
  File "E:\agent专用\study-dashboard\backend\.venv\Lib\site-packages\fastapi\applications.py", line 1163, in __call__
    await super().__call__(scope, receive, send)
  File "E:\agent专用\study-dashboard\backend\.venv\Lib\site-packages\starlette\applications.py", line 96, in __call__
    await self.middleware_stack(scope, receive, send)
  File "E:\agent专用\study-dashboard\backend\.venv\Lib\site-packages\starlette\middleware\errors.py", line 186, in __call__
    raise exc
  File "E:\agent专用\study-dashboard\backend\.venv\Lib\site-packages\starlette\middleware\errors.py", line 164, in __call__
    await self.app(scope, receive, _send)
  File "E:\agent专用\study-dashboard\backend\.venv\Lib\site-packages\starlette\middleware\cors.py", line 88, in __call__
    await self.app(scope, receive, send)
  File "E:\agent专用\study-dashboard\backend\.venv\Lib\site-packages\starlette\middleware\exceptions.py", line 63, in __call__
    await wrap_app_handling_exceptions(self.app, conn)(scope, receive, send)
  File "E:\agent专用\study-dashboard\backend\.venv\Lib\site-packages\starlette\_exception_handler.py", line 53, in wrapped_app
    raise exc
  File "E:\agent专用\study-dashboard\backend\.venv\Lib\site-packages\starlette\_exception_handler.py", line 42, in wrapped_app
    await app(scope, receive, sender)
  File "E:\agent专用\study-dashboard\backend\.venv\Lib\site-packages\fastapi\middleware\asyncexitstack.py", line 18, in __call__
    await self.app(scope, receive, send)
  File "E:\agent专用\study-dashboard\backend\.venv\Lib\site-packages\starlette\routing.py", line 670, in __call__
    await self.middleware_stack(scope, receive, send)
  File "E:\agent专用\study-dashboard\backend\.venv\Lib\site-packages\fastapi\routing.py", line 2734, in app
    await route.handle(scope, receive, send)
  File "E:\agent专用\study-dashboard\backend\.venv\Lib\site-packages\fastapi\routing.py", line 1780, in handle
    await self.original_router.handle(scope, receive, send)
  File "E:\agent专用\study-dashboard\backend\.venv\Lib\site-packages\fastapi\routing.py", line 2789, in handle
    await included_router._handle_selected(scope, receive, send)
  File "E:\agent专用\study-dashboard\backend\.venv\Lib\site-packages\fastapi\routing.py", line 1800, in _handle_selected
    await original_route.handle(scope, receive, send)
  File "E:\agent专用\study-dashboard\backend\.venv\Lib\site-packages\fastapi\routing.py", line 1279, in handle
    await app(scope, receive, send)
  File "E:\agent专用\study-dashboard\backend\.venv\Lib\site-packages\fastapi\routing.py", line 158, in app
    await wrap_app_handling_exceptions(app, request)(scope, receive, send)
  File "E:\agent专用\study-dashboard\backend\.venv\Lib\site-packages\starlette\_exception_handler.py", line 53, in wrapped_app
    raise exc
  File "E:\agent专用\study-dashboard\backend\.venv\Lib\site-packages\starlette\_exception_handler.py", line 42, in wrapped_app
    await app(scope, receive, sender)
  File "E:\agent专用\study-dashboard\backend\.venv\Lib\site-packages\fastapi\routing.py", line 144, in app
    response = await f(request)
               ^^^^^^^^^^^^^^^^
  File "E:\agent专用\study-dashboard\backend\.venv\Lib\site-packages\fastapi\routing.py", line 706, in app
    raw_response = await run_endpoint_function(
                   ^^^^^^^^^^^^^^^^^^^^^^^^^^^^
  File "E:\agent专用\study-dashboard\backend\.venv\Lib\site-packages\fastapi\routing.py", line 354, in run_endpoint_function
    return await run_in_threadpool(dependant.call, **values)
           ^^^^^^^^^^^^^^^^^^^^^^^^^^^^^^^^^^^^^^^^^^^^^^^^^
  File "E:\agent专用\study-dashboard\backend\.venv\Lib\site-packages\starlette\concurrency.py", line 34, in run_in_threadpool
    return await anyio.to_thread.run_sync(func)
           ^^^^^^^^^^^^^^^^^^^^^^^^^^^^^^^^^^^^
  File "E:\agent专用\study-dashboard\backend\.venv\Lib\site-packages\anyio\to_thread.py", line 65, in run_sync
    return await get_async_backend().run_sync_in_worker_thread(
           ^^^^^^^^^^^^^^^^^^^^^^^^^^^^^^^^^^^^^^^^^^^^^^^^^^^^
  File "E:\agent专用\study-dashboard\backend\.venv\Lib\site-packages\anyio\_backends\_asyncio.py", line 2641, in run_sync_in_worker_thread
    return await future
           ^^^^^^^^^^^^
  File "E:\agent专用\study-dashboard\backend\.venv\Lib\site-packages\anyio\_backends\_asyncio.py", line 1033, in run
    result = context.run(func, *args)
             ^^^^^^^^^^^^^^^^^^^^^^^^
  File "E:\agent专用\study-dashboard\backend\app\routers\stats.py", line 36, in today_stats
    tasks_done = db.scalars(
                 ^^^^^^^^^^^
  File "E:\agent专用\study-dashboard\backend\.venv\Lib\site-packages\sqlalchemy\orm\session.py", line 2481, in scalars
    return self._execute_internal(
           ^^^^^^^^^^^^^^^^^^^^^^^
  File "E:\agent专用\study-dashboard\backend\.venv\Lib\site-packages\sqlalchemy\orm\session.py", line 2271, in _execute_internal
    result: Result[Any] = compile_state_cls.orm_execute_statement(
                          ^^^^^^^^^^^^^^^^^^^^^^^^^^^^^^^^^^^^^^^^
  File "E:\agent专用\study-dashboard\backend\.venv\Lib\site-packages\sqlalchemy\orm\context.py", line 306, in orm_execute_statement
    result = conn.execute(
             ^^^^^^^^^^^^^
  File "E:\agent专用\study-dashboard\backend\.venv\Lib\site-packages\sqlalchemy\engine\base.py", line 1421, in execute
    return meth(
           ^^^^^
  File "E:\agent专用\study-dashboard\backend\.venv\Lib\site-packages\sqlalchemy\sql\elements.py", line 526, in _execute_on_connection
    return connection._execute_clauseelement(
           ^^^^^^^^^^^^^^^^^^^^^^^^^^^^^^^^^^
  File "E:\agent专用\study-dashboard\backend\.venv\Lib\site-packages\sqlalchemy\engine\base.py", line 1643, in _execute_clauseelement
    ret = self._execute_context(
          ^^^^^^^^^^^^^^^^^^^^^^
  File "E:\agent专用\study-dashboard\backend\.venv\Lib\site-packages\sqlalchemy\engine\base.py", line 1848, in _execute_context
    return self._exec_single_context(
           ^^^^^^^^^^^^^^^^^^^^^^^^^^
  File "E:\agent专用\study-dashboard\backend\.venv\Lib\site-packages\sqlalchemy\engine\base.py", line 1988, in _exec_single_context
    self._handle_dbapi_exception(
  File "E:\agent专用\study-dashboard\backend\.venv\Lib\site-packages\sqlalchemy\engine\base.py", line 2365, in _handle_dbapi_exception
    raise sqlalchemy_exception.with_traceback(exc_info[2]) from e
  File "E:\agent专用\study-dashboard\backend\.venv\Lib\site-packages\sqlalchemy\engine\base.py", line 1969, in _exec_single_context
    self.dialect.do_execute(
  File "E:\agent专用\study-dashboard\backend\.venv\Lib\site-packages\sqlalchemy\engine\default.py", line 952, in do_execute
    cursor.execute(statement, parameters)
sqlalchemy.exc.OperationalError: (sqlite3.OperationalError) no such column: tasks.habit_days
[SQL: SELECT tasks.id, tasks.user_id, tasks.plan_id, tasks.title, tasks.subject, tasks.estimated_minutes, tasks.status, tasks.is_habit, tasks.habit_frequency, tasks.habit_days, tasks.created_at, tasks.completed_at 
FROM tasks 
WHERE tasks.user_id = ? AND tasks.status = ? AND tasks.completed_at >= ? AND tasks.completed_at <= ?]
[parameters: (3, 'done', '2026-08-19 00:00:00.000000', '2026-08-19 23:59:59.999999')]
(Background on this error at: https://sqlalche.me/e/20/e3q8)
INFO:     127.0.0.1:62447 - "GET /api/tasks HTTP/1.1" 500 Internal Server Error
ERROR:    Exception in ASGI application
Traceback (most recent call last):
  File "E:\agent专用\study-dashboard\backend\.venv\Lib\site-packages\sqlalchemy\engine\base.py", line 1969, in _exec_single_context
    self.dialect.do_execute(
  File "E:\agent专用\study-dashboard\backend\.venv\Lib\site-packages\sqlalchemy\engine\default.py", line 952, in do_execute
    cursor.execute(statement, parameters)
sqlite3.OperationalError: no such column: tasks.habit_days

The above exception was the direct cause of the following exception:

Traceback (most recent call last):
  File "E:\agent专用\study-dashboard\backend\.venv\Lib\site-packages\uvicorn\protocols\http\httptools_impl.py", line 422, in run_asgi
    result = await app(  # type: ignore[func-returns-value]
             ^^^^^^^^^^^^^^^^^^^^^^^^^^^^^^^^^^^^^^^^^^^^^^
  File "E:\agent专用\study-dashboard\backend\.venv\Lib\site-packages\uvicorn\middleware\proxy_headers.py", line 63, in __call__
    return await self.app(scope, receive, send)
           ^^^^^^^^^^^^^^^^^^^^^^^^^^^^^^^^^^^^
  File "E:\agent专用\study-dashboard\backend\.venv\Lib\site-packages\fastapi\applications.py", line 1163, in __call__
    await super().__call__(scope, receive, send)
  File "E:\agent专用\study-dashboard\backend\.venv\Lib\site-packages\starlette\applications.py", line 96, in __call__
    await self.middleware_stack(scope, receive, send)
  File "E:\agent专用\study-dashboard\backend\.venv\Lib\site-packages\starlette\middleware\errors.py", line 186, in __call__
    raise exc
  File "E:\agent专用\study-dashboard\backend\.venv\Lib\site-packages\starlette\middleware\errors.py", line 164, in __call__
    await self.app(scope, receive, _send)
  File "E:\agent专用\study-dashboard\backend\.venv\Lib\site-packages\starlette\middleware\cors.py", line 88, in __call__
    await self.app(scope, receive, send)
  File "E:\agent专用\study-dashboard\backend\.venv\Lib\site-packages\starlette\middleware\exceptions.py", line 63, in __call__
    await wrap_app_handling_exceptions(self.app, conn)(scope, receive, send)
  File "E:\agent专用\study-dashboard\backend\.venv\Lib\site-packages\starlette\_exception_handler.py", line 53, in wrapped_app
    raise exc
  File "E:\agent专用\study-dashboard\backend\.venv\Lib\site-packages\starlette\_exception_handler.py", line 42, in wrapped_app
    await app(scope, receive, sender)
  File "E:\agent专用\study-dashboard\backend\.venv\Lib\site-packages\fastapi\middleware\asyncexitstack.py", line 18, in __call__
    await self.app(scope, receive, send)
  File "E:\agent专用\study-dashboard\backend\.venv\Lib\site-packages\starlette\routing.py", line 670, in __call__
    await self.middleware_stack(scope, receive, send)
  File "E:\agent专用\study-dashboard\backend\.venv\Lib\site-packages\fastapi\routing.py", line 2734, in app
    await route.handle(scope, receive, send)
  File "E:\agent专用\study-dashboard\backend\.venv\Lib\site-packages\fastapi\routing.py", line 1780, in handle
    await self.original_router.handle(scope, receive, send)
  File "E:\agent专用\study-dashboard\backend\.venv\Lib\site-packages\fastapi\routing.py", line 2789, in handle
    await included_router._handle_selected(scope, receive, send)
  File "E:\agent专用\study-dashboard\backend\.venv\Lib\site-packages\fastapi\routing.py", line 1800, in _handle_selected
    await original_route.handle(scope, receive, send)
  File "E:\agent专用\study-dashboard\backend\.venv\Lib\site-packages\fastapi\routing.py", line 1279, in handle
    await app(scope, receive, send)
  File "E:\agent专用\study-dashboard\backend\.venv\Lib\site-packages\fastapi\routing.py", line 158, in app
    await wrap_app_handling_exceptions(app, request)(scope, receive, send)
  File "E:\agent专用\study-dashboard\backend\.venv\Lib\site-packages\starlette\_exception_handler.py", line 53, in wrapped_app
    raise exc
  File "E:\agent专用\study-dashboard\backend\.venv\Lib\site-packages\starlette\_exception_handler.py", line 42, in wrapped_app
    await app(scope, receive, sender)
  File "E:\agent专用\study-dashboard\backend\.venv\Lib\site-packages\fastapi\routing.py", line 144, in app
    response = await f(request)
               ^^^^^^^^^^^^^^^^
  File "E:\agent专用\study-dashboard\backend\.venv\Lib\site-packages\fastapi\routing.py", line 706, in app
    raw_response = await run_endpoint_function(
                   ^^^^^^^^^^^^^^^^^^^^^^^^^^^^
  File "E:\agent专用\study-dashboard\backend\.venv\Lib\site-packages\fastapi\routing.py", line 354, in run_endpoint_function
    return await run_in_threadpool(dependant.call, **values)
           ^^^^^^^^^^^^^^^^^^^^^^^^^^^^^^^^^^^^^^^^^^^^^^^^^
  File "E:\agent专用\study-dashboard\backend\.venv\Lib\site-packages\starlette\concurrency.py", line 34, in run_in_threadpool
    return await anyio.to_thread.run_sync(func)
           ^^^^^^^^^^^^^^^^^^^^^^^^^^^^^^^^^^^^
  File "E:\agent专用\study-dashboard\backend\.venv\Lib\site-packages\anyio\to_thread.py", line 65, in run_sync
    return await get_async_backend().run_sync_in_worker_thread(
           ^^^^^^^^^^^^^^^^^^^^^^^^^^^^^^^^^^^^^^^^^^^^^^^^^^^^
  File "E:\agent专用\study-dashboard\backend\.venv\Lib\site-packages\anyio\_backends\_asyncio.py", line 2641, in run_sync_in_worker_thread
    return await future
           ^^^^^^^^^^^^
  File "E:\agent专用\study-dashboard\backend\.venv\Lib\site-packages\anyio\_backends\_asyncio.py", line 1033, in run
    result = context.run(func, *args)
             ^^^^^^^^^^^^^^^^^^^^^^^^
  File "E:\agent专用\study-dashboard\backend\app\routers\tasks.py", line 81, in list_tasks
    return db.scalars(statement.order_by(Task.created_at.desc())).all()
           ^^^^^^^^^^^^^^^^^^^^^^^^^^^^^^^^^^^^^^^^^^^^^^^^^^^^^^
  File "E:\agent专用\study-dashboard\backend\.venv\Lib\site-packages\sqlalchemy\orm\session.py", line 2481, in scalars
    return self._execute_internal(
           ^^^^^^^^^^^^^^^^^^^^^^^
  File "E:\agent专用\study-dashboard\backend\.venv\Lib\site-packages\sqlalchemy\orm\session.py", line 2271, in _execute_internal
    result: Result[Any] = compile_state_cls.orm_execute_statement(
                          ^^^^^^^^^^^^^^^^^^^^^^^^^^^^^^^^^^^^^^^^
  File "E:\agent专用\study-dashboard\backend\.venv\Lib\site-packages\sqlalchemy\orm\context.py", line 306, in orm_execute_statement
    result = conn.execute(
             ^^^^^^^^^^^^^
  File "E:\agent专用\study-dashboard\backend\.venv\Lib\site-packages\sqlalchemy\engine\base.py", line 1421, in execute
    return meth(
           ^^^^^
  File "E:\agent专用\study-dashboard\backend\.venv\Lib\site-packages\sqlalchemy\sql\elements.py", line 526, in _execute_on_connection
    return connection._execute_clauseelement(
           ^^^^^^^^^^^^^^^^^^^^^^^^^^^^^^^^^^
  File "E:\agent专用\study-dashboard\backend\.venv\Lib\site-packages\sqlalchemy\engine\base.py", line 1643, in _execute_clauseelement
    ret = self._execute_context(
          ^^^^^^^^^^^^^^^^^^^^^^
  File "E:\agent专用\study-dashboard\backend\.venv\Lib\site-packages\sqlalchemy\engine\base.py", line 1848, in _execute_context
    return self._exec_single_context(
           ^^^^^^^^^^^^^^^^^^^^^^^^^^
  File "E:\agent专用\study-dashboard\backend\.venv\Lib\site-packages\sqlalchemy\engine\base.py", line 1988, in _exec_single_context
    self._handle_dbapi_exception(
  File "E:\agent专用\study-dashboard\backend\.venv\Lib\site-packages\sqlalchemy\engine\base.py", line 2365, in _handle_dbapi_exception
    raise sqlalchemy_exception.with_traceback(exc_info[2]) from e
  File "E:\agent专用\study-dashboard\backend\.venv\Lib\site-packages\sqlalchemy\engine\base.py", line 1969, in _exec_single_context
    self.dialect.do_execute(
  File "E:\agent专用\study-dashboard\backend\.venv\Lib\site-packages\sqlalchemy\engine\default.py", line 952, in do_execute
    cursor.execute(statement, parameters)
sqlalchemy.exc.OperationalError: (sqlite3.OperationalError) no such column: tasks.habit_days
[SQL: SELECT tasks.id, tasks.user_id, tasks.plan_id, tasks.title, tasks.subject, tasks.estimated_minutes, tasks.status, tasks.is_habit, tasks.habit_frequency, tasks.habit_days, tasks.created_at, tasks.completed_at 
FROM tasks 
WHERE tasks.user_id = ? ORDER BY tasks.created_at DESC]
[parameters: (3,)]
(Background on this error at: https://sqlalche.me/e/20/e3q8)
INFO:     127.0.0.1:57614 - "GET /api/reviews?status=due HTTP/1.1" 200 OK
INFO:     127.0.0.1:57522 - "GET /api/math/tree HTTP/1.1" 200 OK
INFO:     127.0.0.1:57522 - "GET /assets/PomodoroView-CPidto16.js HTTP/1.1" 200 OK
INFO:     127.0.0.1:57614 - "GET /api/stats/trend?days=7 HTTP/1.1" 200 OK
INFO:     127.0.0.1:57522 - "GET /api/stats/today HTTP/1.1" 500 Internal Server Error
ERROR:    Exception in ASGI application
Traceback (most recent call last):
  File "E:\agent专用\study-dashboard\backend\.venv\Lib\site-packages\sqlalchemy\engine\base.py", line 1969, in _exec_single_context
    self.dialect.do_execute(
  File "E:\agent专用\study-dashboard\backend\.venv\Lib\site-packages\sqlalchemy\engine\default.py", line 952, in do_execute
    cursor.execute(statement, parameters)
sqlite3.OperationalError: no such column: tasks.habit_days

The above exception was the direct cause of the following exception:

Traceback (most recent call last):
  File "E:\agent专用\study-dashboard\backend\.venv\Lib\site-packages\uvicorn\protocols\http\httptools_impl.py", line 422, in run_asgi
    result = await app(  # type: ignore[func-returns-value]
             ^^^^^^^^^^^^^^^^^^^^^^^^^^^^^^^^^^^^^^^^^^^^^^
  File "E:\agent专用\study-dashboard\backend\.venv\Lib\site-packages\uvicorn\middleware\proxy_headers.py", line 63, in __call__
    return await self.app(scope, receive, send)
           ^^^^^^^^^^^^^^^^^^^^^^^^^^^^^^^^^^^^
  File "E:\agent专用\study-dashboard\backend\.venv\Lib\site-packages\fastapi\applications.py", line 1163, in __call__
    await super().__call__(scope, receive, send)
  File "E:\agent专用\study-dashboard\backend\.venv\Lib\site-packages\starlette\applications.py", line 96, in __call__
    await self.middleware_stack(scope, receive, send)
  File "E:\agent专用\study-dashboard\backend\.venv\Lib\site-packages\starlette\middleware\errors.py", line 186, in __call__
    raise exc
  File "E:\agent专用\study-dashboard\backend\.venv\Lib\site-packages\starlette\middleware\errors.py", line 164, in __call__
    await self.app(scope, receive, _send)
  File "E:\agent专用\study-dashboard\backend\.venv\Lib\site-packages\starlette\middleware\cors.py", line 88, in __call__
    await self.app(scope, receive, send)
  File "E:\agent专用\study-dashboard\backend\.venv\Lib\site-packages\starlette\middleware\exceptions.py", line 63, in __call__
    await wrap_app_handling_exceptions(self.app, conn)(scope, receive, send)
  File "E:\agent专用\study-dashboard\backend\.venv\Lib\site-packages\starlette\_exception_handler.py", line 53, in wrapped_app
    raise exc
  File "E:\agent专用\study-dashboard\backend\.venv\Lib\site-packages\starlette\_exception_handler.py", line 42, in wrapped_app
    await app(scope, receive, sender)
  File "E:\agent专用\study-dashboard\backend\.venv\Lib\site-packages\fastapi\middleware\asyncexitstack.py", line 18, in __call__
    await self.app(scope, receive, send)
  File "E:\agent专用\study-dashboard\backend\.venv\Lib\site-packages\starlette\routing.py", line 670, in __call__
    await self.middleware_stack(scope, receive, send)
  File "E:\agent专用\study-dashboard\backend\.venv\Lib\site-packages\fastapi\routing.py", line 2734, in app
    await route.handle(scope, receive, send)
  File "E:\agent专用\study-dashboard\backend\.venv\Lib\site-packages\fastapi\routing.py", line 1780, in handle
    await self.original_router.handle(scope, receive, send)
  File "E:\agent专用\study-dashboard\backend\.venv\Lib\site-packages\fastapi\routing.py", line 2789, in handle
    await included_router._handle_selected(scope, receive, send)
  File "E:\agent专用\study-dashboard\backend\.venv\Lib\site-packages\fastapi\routing.py", line 1800, in _handle_selected
    await original_route.handle(scope, receive, send)
  File "E:\agent专用\study-dashboard\backend\.venv\Lib\site-packages\fastapi\routing.py", line 1279, in handle
    await app(scope, receive, send)
  File "E:\agent专用\study-dashboard\backend\.venv\Lib\site-packages\fastapi\routing.py", line 158, in app
    await wrap_app_handling_exceptions(app, request)(scope, receive, send)
  File "E:\agent专用\study-dashboard\backend\.venv\Lib\site-packages\starlette\_exception_handler.py", line 53, in wrapped_app
    raise exc
  File "E:\agent专用\study-dashboard\backend\.venv\Lib\site-packages\starlette\_exception_handler.py", line 42, in wrapped_app
    await app(scope, receive, sender)
  File "E:\agent专用\study-dashboard\backend\.venv\Lib\site-packages\fastapi\routing.py", line 144, in app
    response = await f(request)
               ^^^^^^^^^^^^^^^^
  File "E:\agent专用\study-dashboard\backend\.venv\Lib\site-packages\fastapi\routing.py", line 706, in app
    raw_response = await run_endpoint_function(
                   ^^^^^^^^^^^^^^^^^^^^^^^^^^^^
  File "E:\agent专用\study-dashboard\backend\.venv\Lib\site-packages\fastapi\routing.py", line 354, in run_endpoint_function
    return await run_in_threadpool(dependant.call, **values)
           ^^^^^^^^^^^^^^^^^^^^^^^^^^^^^^^^^^^^^^^^^^^^^^^^^
  File "E:\agent专用\study-dashboard\backend\.venv\Lib\site-packages\starlette\concurrency.py", line 34, in run_in_threadpool
    return await anyio.to_thread.run_sync(func)
           ^^^^^^^^^^^^^^^^^^^^^^^^^^^^^^^^^^^^
  File "E:\agent专用\study-dashboard\backend\.venv\Lib\site-packages\anyio\to_thread.py", line 65, in run_sync
    return await get_async_backend().run_sync_in_worker_thread(
           ^^^^^^^^^^^^^^^^^^^^^^^^^^^^^^^^^^^^^^^^^^^^^^^^^^^^
  File "E:\agent专用\study-dashboard\backend\.venv\Lib\site-packages\anyio\_backends\_asyncio.py", line 2641, in run_sync_in_worker_thread
    return await future
           ^^^^^^^^^^^^
  File "E:\agent专用\study-dashboard\backend\.venv\Lib\site-packages\anyio\_backends\_asyncio.py", line 1033, in run
    result = context.run(func, *args)
             ^^^^^^^^^^^^^^^^^^^^^^^^
  File "E:\agent专用\study-dashboard\backend\app\routers\stats.py", line 36, in today_stats
    tasks_done = db.scalars(
                 ^^^^^^^^^^^
  File "E:\agent专用\study-dashboard\backend\.venv\Lib\site-packages\sqlalchemy\orm\session.py", line 2481, in scalars
    return self._execute_internal(
           ^^^^^^^^^^^^^^^^^^^^^^^
  File "E:\agent专用\study-dashboard\backend\.venv\Lib\site-packages\sqlalchemy\orm\session.py", line 2271, in _execute_internal
    result: Result[Any] = compile_state_cls.orm_execute_statement(
                          ^^^^^^^^^^^^^^^^^^^^^^^^^^^^^^^^^^^^^^^^
  File "E:\agent专用\study-dashboard\backend\.venv\Lib\site-packages\sqlalchemy\orm\context.py", line 306, in orm_execute_statement
    result = conn.execute(
             ^^^^^^^^^^^^^
  File "E:\agent专用\study-dashboard\backend\.venv\Lib\site-packages\sqlalchemy\engine\base.py", line 1421, in execute
    return meth(
           ^^^^^
  File "E:\agent专用\study-dashboard\backend\.venv\Lib\site-packages\sqlalchemy\sql\elements.py", line 526, in _execute_on_connection
    return connection._execute_clauseelement(
           ^^^^^^^^^^^^^^^^^^^^^^^^^^^^^^^^^^
  File "E:\agent专用\study-dashboard\backend\.venv\Lib\site-packages\sqlalchemy\engine\base.py", line 1643, in _execute_clauseelement
    ret = self._execute_context(
          ^^^^^^^^^^^^^^^^^^^^^^
  File "E:\agent专用\study-dashboard\backend\.venv\Lib\site-packages\sqlalchemy\engine\base.py", line 1848, in _execute_context
    return self._exec_single_context(
           ^^^^^^^^^^^^^^^^^^^^^^^^^^
  File "E:\agent专用\study-dashboard\backend\.venv\Lib\site-packages\sqlalchemy\engine\base.py", line 1988, in _exec_single_context
    self._handle_dbapi_exception(
  File "E:\agent专用\study-dashboard\backend\.venv\Lib\site-packages\sqlalchemy\engine\base.py", line 2365, in _handle_dbapi_exception
    raise sqlalchemy_exception.with_traceback(exc_info[2]) from e
  File "E:\agent专用\study-dashboard\backend\.venv\Lib\site-packages\sqlalchemy\engine\base.py", line 1969, in _exec_single_context
    self.dialect.do_execute(
  File "E:\agent专用\study-dashboard\backend\.venv\Lib\site-packages\sqlalchemy\engine\default.py", line 952, in do_execute
    cursor.execute(statement, parameters)
sqlalchemy.exc.OperationalError: (sqlite3.OperationalError) no such column: tasks.habit_days
[SQL: SELECT tasks.id, tasks.user_id, tasks.plan_id, tasks.title, tasks.subject, tasks.estimated_minutes, tasks.status, tasks.is_habit, tasks.habit_frequency, tasks.habit_days, tasks.created_at, tasks.completed_at 
FROM tasks 
WHERE tasks.user_id = ? AND tasks.status = ? AND tasks.completed_at >= ? AND tasks.completed_at <= ?]
[parameters: (3, 'done', '2026-08-19 00:00:00.000000', '2026-08-19 23:59:59.999999')]
(Background on this error at: https://sqlalche.me/e/20/e3q8)
INFO:     127.0.0.1:53189 - "GET /api/stats/heatmap?days=105 HTTP/1.1" 200 OK
INFO:     127.0.0.1:49270 - "GET /api/tasks HTTP/1.1" 500 Internal Server Error
ERROR:    Exception in ASGI application
Traceback (most recent call last):
  File "E:\agent专用\study-dashboard\backend\.venv\Lib\site-packages\sqlalchemy\engine\base.py", line 1969, in _exec_single_context
    self.dialect.do_execute(
  File "E:\agent专用\study-dashboard\backend\.venv\Lib\site-packages\sqlalchemy\engine\default.py", line 952, in do_execute
    cursor.execute(statement, parameters)
sqlite3.OperationalError: no such column: tasks.habit_days

The above exception was the direct cause of the following exception:

Traceback (most recent call last):
  File "E:\agent专用\study-dashboard\backend\.venv\Lib\site-packages\uvicorn\protocols\http\httptools_impl.py", line 422, in run_asgi
    result = await app(  # type: ignore[func-returns-value]
             ^^^^^^^^^^^^^^^^^^^^^^^^^^^^^^^^^^^^^^^^^^^^^^
  File "E:\agent专用\study-dashboard\backend\.venv\Lib\site-packages\uvicorn\middleware\proxy_headers.py", line 63, in __call__
    return await self.app(scope, receive, send)
           ^^^^^^^^^^^^^^^^^^^^^^^^^^^^^^^^^^^^
  File "E:\agent专用\study-dashboard\backend\.venv\Lib\site-packages\fastapi\applications.py", line 1163, in __call__
    await super().__call__(scope, receive, send)
  File "E:\agent专用\study-dashboard\backend\.venv\Lib\site-packages\starlette\applications.py", line 96, in __call__
    await self.middleware_stack(scope, receive, send)
  File "E:\agent专用\study-dashboard\backend\.venv\Lib\site-packages\starlette\middleware\errors.py", line 186, in __call__
    raise exc
  File "E:\agent专用\study-dashboard\backend\.venv\Lib\site-packages\starlette\middleware\errors.py", line 164, in __call__
    await self.app(scope, receive, _send)
  File "E:\agent专用\study-dashboard\backend\.venv\Lib\site-packages\starlette\middleware\cors.py", line 88, in __call__
    await self.app(scope, receive, send)
  File "E:\agent专用\study-dashboard\backend\.venv\Lib\site-packages\starlette\middleware\exceptions.py", line 63, in __call__
    await wrap_app_handling_exceptions(self.app, conn)(scope, receive, send)
  File "E:\agent专用\study-dashboard\backend\.venv\Lib\site-packages\starlette\_exception_handler.py", line 53, in wrapped_app
    raise exc
  File "E:\agent专用\study-dashboard\backend\.venv\Lib\site-packages\starlette\_exception_handler.py", line 42, in wrapped_app
    await app(scope, receive, sender)
  File "E:\agent专用\study-dashboard\backend\.venv\Lib\site-packages\fastapi\middleware\asyncexitstack.py", line 18, in __call__
    await self.app(scope, receive, send)
  File "E:\agent专用\study-dashboard\backend\.venv\Lib\site-packages\starlette\routing.py", line 670, in __call__
    await self.middleware_stack(scope, receive, send)
  File "E:\agent专用\study-dashboard\backend\.venv\Lib\site-packages\fastapi\routing.py", line 2734, in app
    await route.handle(scope, receive, send)
  File "E:\agent专用\study-dashboard\backend\.venv\Lib\site-packages\fastapi\routing.py", line 1780, in handle
    await self.original_router.handle(scope, receive, send)
  File "E:\agent专用\study-dashboard\backend\.venv\Lib\site-packages\fastapi\routing.py", line 2789, in handle
    await included_router._handle_selected(scope, receive, send)
  File "E:\agent专用\study-dashboard\backend\.venv\Lib\site-packages\fastapi\routing.py", line 1800, in _handle_selected
    await original_route.handle(scope, receive, send)
  File "E:\agent专用\study-dashboard\backend\.venv\Lib\site-packages\fastapi\routing.py", line 1279, in handle
    await app(scope, receive, send)
  File "E:\agent专用\study-dashboard\backend\.venv\Lib\site-packages\fastapi\routing.py", line 158, in app
    await wrap_app_handling_exceptions(app, request)(scope, receive, send)
  File "E:\agent专用\study-dashboard\backend\.venv\Lib\site-packages\starlette\_exception_handler.py", line 53, in wrapped_app
    raise exc
  File "E:\agent专用\study-dashboard\backend\.venv\Lib\site-packages\starlette\_exception_handler.py", line 42, in wrapped_app
    await app(scope, receive, sender)
  File "E:\agent专用\study-dashboard\backend\.venv\Lib\site-packages\fastapi\routing.py", line 144, in app
    response = await f(request)
               ^^^^^^^^^^^^^^^^
  File "E:\agent专用\study-dashboard\backend\.venv\Lib\site-packages\fastapi\routing.py", line 706, in app
    raw_response = await run_endpoint_function(
                   ^^^^^^^^^^^^^^^^^^^^^^^^^^^^
  File "E:\agent专用\study-dashboard\backend\.venv\Lib\site-packages\fastapi\routing.py", line 354, in run_endpoint_function
    return await run_in_threadpool(dependant.call, **values)
           ^^^^^^^^^^^^^^^^^^^^^^^^^^^^^^^^^^^^^^^^^^^^^^^^^
  File "E:\agent专用\study-dashboard\backend\.venv\Lib\site-packages\starlette\concurrency.py", line 34, in run_in_threadpool
    return await anyio.to_thread.run_sync(func)
           ^^^^^^^^^^^^^^^^^^^^^^^^^^^^^^^^^^^^
  File "E:\agent专用\study-dashboard\backend\.venv\Lib\site-packages\anyio\to_thread.py", line 65, in run_sync
    return await get_async_backend().run_sync_in_worker_thread(
           ^^^^^^^^^^^^^^^^^^^^^^^^^^^^^^^^^^^^^^^^^^^^^^^^^^^^
  File "E:\agent专用\study-dashboard\backend\.venv\Lib\site-packages\anyio\_backends\_asyncio.py", line 2641, in run_sync_in_worker_thread
    return await future
           ^^^^^^^^^^^^
  File "E:\agent专用\study-dashboard\backend\.venv\Lib\site-packages\anyio\_backends\_asyncio.py", line 1033, in run
    result = context.run(func, *args)
             ^^^^^^^^^^^^^^^^^^^^^^^^
  File "E:\agent专用\study-dashboard\backend\app\routers\tasks.py", line 81, in list_tasks
    return db.scalars(statement.order_by(Task.created_at.desc())).all()
           ^^^^^^^^^^^^^^^^^^^^^^^^^^^^^^^^^^^^^^^^^^^^^^^^^^^^^^
  File "E:\agent专用\study-dashboard\backend\.venv\Lib\site-packages\sqlalchemy\orm\session.py", line 2481, in scalars
    return self._execute_internal(
           ^^^^^^^^^^^^^^^^^^^^^^^
  File "E:\agent专用\study-dashboard\backend\.venv\Lib\site-packages\sqlalchemy\orm\session.py", line 2271, in _execute_internal
    result: Result[Any] = compile_state_cls.orm_execute_statement(
                          ^^^^^^^^^^^^^^^^^^^^^^^^^^^^^^^^^^^^^^^^
  File "E:\agent专用\study-dashboard\backend\.venv\Lib\site-packages\sqlalchemy\orm\context.py", line 306, in orm_execute_statement
    result = conn.execute(
             ^^^^^^^^^^^^^
  File "E:\agent专用\study-dashboard\backend\.venv\Lib\site-packages\sqlalchemy\engine\base.py", line 1421, in execute
    return meth(
           ^^^^^
  File "E:\agent专用\study-dashboard\backend\.venv\Lib\site-packages\sqlalchemy\sql\elements.py", line 526, in _execute_on_connection
    return connection._execute_clauseelement(
           ^^^^^^^^^^^^^^^^^^^^^^^^^^^^^^^^^^
  File "E:\agent专用\study-dashboard\backend\.venv\Lib\site-packages\sqlalchemy\engine\base.py", line 1643, in _execute_clauseelement
    ret = self._execute_context(
          ^^^^^^^^^^^^^^^^^^^^^^
  File "E:\agent专用\study-dashboard\backend\.venv\Lib\site-packages\sqlalchemy\engine\base.py", line 1848, in _execute_context
    return self._exec_single_context(
           ^^^^^^^^^^^^^^^^^^^^^^^^^^
  File "E:\agent专用\study-dashboard\backend\.venv\Lib\site-packages\sqlalchemy\engine\base.py", line 1988, in _exec_single_context
    self._handle_dbapi_exception(
  File "E:\agent专用\study-dashboard\backend\.venv\Lib\site-packages\sqlalchemy\engine\base.py", line 2365, in _handle_dbapi_exception
    raise sqlalchemy_exception.with_traceback(exc_info[2]) from e
  File "E:\agent专用\study-dashboard\backend\.venv\Lib\site-packages\sqlalchemy\engine\base.py", line 1969, in _exec_single_context
    self.dialect.do_execute(
  File "E:\agent专用\study-dashboard\backend\.venv\Lib\site-packages\sqlalchemy\engine\default.py", line 952, in do_execute
    cursor.execute(statement, parameters)
sqlalchemy.exc.OperationalError: (sqlite3.OperationalError) no such column: tasks.habit_days
[SQL: SELECT tasks.id, tasks.user_id, tasks.plan_id, tasks.title, tasks.subject, tasks.estimated_minutes, tasks.status, tasks.is_habit, tasks.habit_frequency, tasks.habit_days, tasks.created_at, tasks.completed_at 
FROM tasks 
WHERE tasks.user_id = ? ORDER BY tasks.created_at DESC]
[parameters: (3,)]
(Background on this error at: https://sqlalche.me/e/20/e3q8)
INFO:     127.0.0.1:58319 - "GET /api/habits HTTP/1.1" 500 Internal Server Error
ERROR:    Exception in ASGI application
Traceback (most recent call last):
  File "E:\agent专用\study-dashboard\backend\.venv\Lib\site-packages\sqlalchemy\engine\base.py", line 1969, in _exec_single_context
    self.dialect.do_execute(
  File "E:\agent专用\study-dashboard\backend\.venv\Lib\site-packages\sqlalchemy\engine\default.py", line 952, in do_execute
    cursor.execute(statement, parameters)
sqlite3.OperationalError: no such column: tasks.habit_days

The above exception was the direct cause of the following exception:

Traceback (most recent call last):
  File "E:\agent专用\study-dashboard\backend\.venv\Lib\site-packages\uvicorn\protocols\http\httptools_impl.py", line 422, in run_asgi
    result = await app(  # type: ignore[func-returns-value]
             ^^^^^^^^^^^^^^^^^^^^^^^^^^^^^^^^^^^^^^^^^^^^^^
  File "E:\agent专用\study-dashboard\backend\.venv\Lib\site-packages\uvicorn\middleware\proxy_headers.py", line 63, in __call__
    return await self.app(scope, receive, send)
           ^^^^^^^^^^^^^^^^^^^^^^^^^^^^^^^^^^^^
  File "E:\agent专用\study-dashboard\backend\.venv\Lib\site-packages\fastapi\applications.py", line 1163, in __call__
    await super().__call__(scope, receive, send)
  File "E:\agent专用\study-dashboard\backend\.venv\Lib\site-packages\starlette\applications.py", line 96, in __call__
    await self.middleware_stack(scope, receive, send)
  File "E:\agent专用\study-dashboard\backend\.venv\Lib\site-packages\starlette\middleware\errors.py", line 186, in __call__
    raise exc
  File "E:\agent专用\study-dashboard\backend\.venv\Lib\site-packages\starlette\middleware\errors.py", line 164, in __call__
    await self.app(scope, receive, _send)
  File "E:\agent专用\study-dashboard\backend\.venv\Lib\site-packages\starlette\middleware\cors.py", line 88, in __call__
    await self.app(scope, receive, send)
  File "E:\agent专用\study-dashboard\backend\.venv\Lib\site-packages\starlette\middleware\exceptions.py", line 63, in __call__
    await wrap_app_handling_exceptions(self.app, conn)(scope, receive, send)
  File "E:\agent专用\study-dashboard\backend\.venv\Lib\site-packages\starlette\_exception_handler.py", line 53, in wrapped_app
    raise exc
  File "E:\agent专用\study-dashboard\backend\.venv\Lib\site-packages\starlette\_exception_handler.py", line 42, in wrapped_app
    await app(scope, receive, sender)
  File "E:\agent专用\study-dashboard\backend\.venv\Lib\site-packages\fastapi\middleware\asyncexitstack.py", line 18, in __call__
    await self.app(scope, receive, send)
  File "E:\agent专用\study-dashboard\backend\.venv\Lib\site-packages\starlette\routing.py", line 670, in __call__
    await self.middleware_stack(scope, receive, send)
  File "E:\agent专用\study-dashboard\backend\.venv\Lib\site-packages\fastapi\routing.py", line 2734, in app
    await route.handle(scope, receive, send)
  File "E:\agent专用\study-dashboard\backend\.venv\Lib\site-packages\fastapi\routing.py", line 1780, in handle
    await self.original_router.handle(scope, receive, send)
  File "E:\agent专用\study-dashboard\backend\.venv\Lib\site-packages\fastapi\routing.py", line 2789, in handle
    await included_router._handle_selected(scope, receive, send)
  File "E:\agent专用\study-dashboard\backend\.venv\Lib\site-packages\fastapi\routing.py", line 1800, in _handle_selected
    await original_route.handle(scope, receive, send)
  File "E:\agent专用\study-dashboard\backend\.venv\Lib\site-packages\fastapi\routing.py", line 1279, in handle
    await app(scope, receive, send)
  File "E:\agent专用\study-dashboard\backend\.venv\Lib\site-packages\fastapi\routing.py", line 158, in app
    await wrap_app_handling_exceptions(app, request)(scope, receive, send)
  File "E:\agent专用\study-dashboard\backend\.venv\Lib\site-packages\starlette\_exception_handler.py", line 53, in wrapped_app
    raise exc
  File "E:\agent专用\study-dashboard\backend\.venv\Lib\site-packages\starlette\_exception_handler.py", line 42, in wrapped_app
    await app(scope, receive, sender)
  File "E:\agent专用\study-dashboard\backend\.venv\Lib\site-packages\fastapi\routing.py", line 144, in app
    response = await f(request)
               ^^^^^^^^^^^^^^^^
  File "E:\agent专用\study-dashboard\backend\.venv\Lib\site-packages\fastapi\routing.py", line 706, in app
    raw_response = await run_endpoint_function(
                   ^^^^^^^^^^^^^^^^^^^^^^^^^^^^
  File "E:\agent专用\study-dashboard\backend\.venv\Lib\site-packages\fastapi\routing.py", line 354, in run_endpoint_function
    return await run_in_threadpool(dependant.call, **values)
           ^^^^^^^^^^^^^^^^^^^^^^^^^^^^^^^^^^^^^^^^^^^^^^^^^
  File "E:\agent专用\study-dashboard\backend\.venv\Lib\site-packages\starlette\concurrency.py", line 34, in run_in_threadpool
    return await anyio.to_thread.run_sync(func)
           ^^^^^^^^^^^^^^^^^^^^^^^^^^^^^^^^^^^^
  File "E:\agent专用\study-dashboard\backend\.venv\Lib\site-packages\anyio\to_thread.py", line 65, in run_sync
    return await get_async_backend().run_sync_in_worker_thread(
           ^^^^^^^^^^^^^^^^^^^^^^^^^^^^^^^^^^^^^^^^^^^^^^^^^^^^
  File "E:\agent专用\study-dashboard\backend\.venv\Lib\site-packages\anyio\_backends\_asyncio.py", line 2641, in run_sync_in_worker_thread
    return await future
           ^^^^^^^^^^^^
  File "E:\agent专用\study-dashboard\backend\.venv\Lib\site-packages\anyio\_backends\_asyncio.py", line 1033, in run
    result = context.run(func, *args)
             ^^^^^^^^^^^^^^^^^^^^^^^^
  File "E:\agent专用\study-dashboard\backend\app\routers\habits.py", line 85, in list_habits
    tasks = db.scalars(
            ^^^^^^^^^^^
  File "E:\agent专用\study-dashboard\backend\.venv\Lib\site-packages\sqlalchemy\orm\session.py", line 2481, in scalars
    return self._execute_internal(
           ^^^^^^^^^^^^^^^^^^^^^^^
  File "E:\agent专用\study-dashboard\backend\.venv\Lib\site-packages\sqlalchemy\orm\session.py", line 2271, in _execute_internal
    result: Result[Any] = compile_state_cls.orm_execute_statement(
                          ^^^^^^^^^^^^^^^^^^^^^^^^^^^^^^^^^^^^^^^^
  File "E:\agent专用\study-dashboard\backend\.venv\Lib\site-packages\sqlalchemy\orm\context.py", line 306, in orm_execute_statement
    result = conn.execute(
             ^^^^^^^^^^^^^
  File "E:\agent专用\study-dashboard\backend\.venv\Lib\site-packages\sqlalchemy\engine\base.py", line 1421, in execute
    return meth(
           ^^^^^
  File "E:\agent专用\study-dashboard\backend\.venv\Lib\site-packages\sqlalchemy\sql\elements.py", line 526, in _execute_on_connection
    return connection._execute_clauseelement(
           ^^^^^^^^^^^^^^^^^^^^^^^^^^^^^^^^^^
  File "E:\agent专用\study-dashboard\backend\.venv\Lib\site-packages\sqlalchemy\engine\base.py", line 1643, in _execute_clauseelement
    ret = self._execute_context(
          ^^^^^^^^^^^^^^^^^^^^^^
  File "E:\agent专用\study-dashboard\backend\.venv\Lib\site-packages\sqlalchemy\engine\base.py", line 1848, in _execute_context
    return self._exec_single_context(
           ^^^^^^^^^^^^^^^^^^^^^^^^^^
  File "E:\agent专用\study-dashboard\backend\.venv\Lib\site-packages\sqlalchemy\engine\base.py", line 1988, in _exec_single_context
    self._handle_dbapi_exception(
  File "E:\agent专用\study-dashboard\backend\.venv\Lib\site-packages\sqlalchemy\engine\base.py", line 2365, in _handle_dbapi_exception
    raise sqlalchemy_exception.with_traceback(exc_info[2]) from e
  File "E:\agent专用\study-dashboard\backend\.venv\Lib\site-packages\sqlalchemy\engine\base.py", line 1969, in _exec_single_context
    self.dialect.do_execute(
  File "E:\agent专用\study-dashboard\backend\.venv\Lib\site-packages\sqlalchemy\engine\default.py", line 952, in do_execute
    cursor.execute(statement, parameters)
sqlalchemy.exc.OperationalError: (sqlite3.OperationalError) no such column: tasks.habit_days
[SQL: SELECT tasks.id, tasks.user_id, tasks.plan_id, tasks.title, tasks.subject, tasks.estimated_minutes, tasks.status, tasks.is_habit, tasks.habit_frequency, tasks.habit_days, tasks.created_at, tasks.completed_at 
FROM tasks 
WHERE tasks.user_id = ? AND tasks.is_habit IS 1 ORDER BY tasks.created_at DESC]
[parameters: (3,)]
(Background on this error at: https://sqlalche.me/e/20/e3q8)
INFO:     127.0.0.1:55200 - "GET /api/stats/streak HTTP/1.1" 200 OK
INFO:     127.0.0.1:57614 - "GET /api/reviews?status=due HTTP/1.1" 200 OK
INFO:     127.0.0.1:53189 - "GET /api/math/tree HTTP/1.1" 200 OK
INFO:     127.0.0.1:53189 - "GET /assets/TasksView-B6RYpmoY.js HTTP/1.1" 200 OK
INFO:     127.0.0.1:57614 - "GET /assets/TasksView-Dz-BspU-.css HTTP/1.1" 200 OK
INFO:     127.0.0.1:53189 - "GET /api/tasks HTTP/1.1" 500 Internal Server Error
ERROR:    Exception in ASGI application
Traceback (most recent call last):
  File "E:\agent专用\study-dashboard\backend\.venv\Lib\site-packages\sqlalchemy\engine\base.py", line 1969, in _exec_single_context
    self.dialect.do_execute(
  File "E:\agent专用\study-dashboard\backend\.venv\Lib\site-packages\sqlalchemy\engine\default.py", line 952, in do_execute
    cursor.execute(statement, parameters)
sqlite3.OperationalError: no such column: tasks.habit_days

The above exception was the direct cause of the following exception:

Traceback (most recent call last):
  File "E:\agent专用\study-dashboard\backend\.venv\Lib\site-packages\uvicorn\protocols\http\httptools_impl.py", line 422, in run_asgi
    result = await app(  # type: ignore[func-returns-value]
             ^^^^^^^^^^^^^^^^^^^^^^^^^^^^^^^^^^^^^^^^^^^^^^
  File "E:\agent专用\study-dashboard\backend\.venv\Lib\site-packages\uvicorn\middleware\proxy_headers.py", line 63, in __call__
    return await self.app(scope, receive, send)
           ^^^^^^^^^^^^^^^^^^^^^^^^^^^^^^^^^^^^
  File "E:\agent专用\study-dashboard\backend\.venv\Lib\site-packages\fastapi\applications.py", line 1163, in __call__
    await super().__call__(scope, receive, send)
  File "E:\agent专用\study-dashboard\backend\.venv\Lib\site-packages\starlette\applications.py", line 96, in __call__
    await self.middleware_stack(scope, receive, send)
  File "E:\agent专用\study-dashboard\backend\.venv\Lib\site-packages\starlette\middleware\errors.py", line 186, in __call__
    raise exc
  File "E:\agent专用\study-dashboard\backend\.venv\Lib\site-packages\starlette\middleware\errors.py", line 164, in __call__
    await self.app(scope, receive, _send)
  File "E:\agent专用\study-dashboard\backend\.venv\Lib\site-packages\starlette\middleware\cors.py", line 88, in __call__
    await self.app(scope, receive, send)
  File "E:\agent专用\study-dashboard\backend\.venv\Lib\site-packages\starlette\middleware\exceptions.py", line 63, in __call__
    await wrap_app_handling_exceptions(self.app, conn)(scope, receive, send)
  File "E:\agent专用\study-dashboard\backend\.venv\Lib\site-packages\starlette\_exception_handler.py", line 53, in wrapped_app
    raise exc
  File "E:\agent专用\study-dashboard\backend\.venv\Lib\site-packages\starlette\_exception_handler.py", line 42, in wrapped_app
    await app(scope, receive, sender)
  File "E:\agent专用\study-dashboard\backend\.venv\Lib\site-packages\fastapi\middleware\asyncexitstack.py", line 18, in __call__
    await self.app(scope, receive, send)
  File "E:\agent专用\study-dashboard\backend\.venv\Lib\site-packages\starlette\routing.py", line 670, in __call__
    await self.middleware_stack(scope, receive, send)
  File "E:\agent专用\study-dashboard\backend\.venv\Lib\site-packages\fastapi\routing.py", line 2734, in app
    await route.handle(scope, receive, send)
  File "E:\agent专用\study-dashboard\backend\.venv\Lib\site-packages\fastapi\routing.py", line 1780, in handle
    await self.original_router.handle(scope, receive, send)
  File "E:\agent专用\study-dashboard\backend\.venv\Lib\site-packages\fastapi\routing.py", line 2789, in handle
    await included_router._handle_selected(scope, receive, send)
  File "E:\agent专用\study-dashboard\backend\.venv\Lib\site-packages\fastapi\routing.py", line 1800, in _handle_selected
    await original_route.handle(scope, receive, send)
  File "E:\agent专用\study-dashboard\backend\.venv\Lib\site-packages\fastapi\routing.py", line 1279, in handle
    await app(scope, receive, send)
  File "E:\agent专用\study-dashboard\backend\.venv\Lib\site-packages\fastapi\routing.py", line 158, in app
    await wrap_app_handling_exceptions(app, request)(scope, receive, send)
  File "E:\agent专用\study-dashboard\backend\.venv\Lib\site-packages\starlette\_exception_handler.py", line 53, in wrapped_app
    raise exc
  File "E:\agent专用\study-dashboard\backend\.venv\Lib\site-packages\starlette\_exception_handler.py", line 42, in wrapped_app
    await app(scope, receive, sender)
  File "E:\agent专用\study-dashboard\backend\.venv\Lib\site-packages\fastapi\routing.py", line 144, in app
    response = await f(request)
               ^^^^^^^^^^^^^^^^
  File "E:\agent专用\study-dashboard\backend\.venv\Lib\site-packages\fastapi\routing.py", line 706, in app
    raw_response = await run_endpoint_function(
                   ^^^^^^^^^^^^^^^^^^^^^^^^^^^^
  File "E:\agent专用\study-dashboard\backend\.venv\Lib\site-packages\fastapi\routing.py", line 354, in run_endpoint_function
    return await run_in_threadpool(dependant.call, **values)
           ^^^^^^^^^^^^^^^^^^^^^^^^^^^^^^^^^^^^^^^^^^^^^^^^^
  File "E:\agent专用\study-dashboard\backend\.venv\Lib\site-packages\starlette\concurrency.py", line 34, in run_in_threadpool
    return await anyio.to_thread.run_sync(func)
           ^^^^^^^^^^^^^^^^^^^^^^^^^^^^^^^^^^^^
  File "E:\agent专用\study-dashboard\backend\.venv\Lib\site-packages\anyio\to_thread.py", line 65, in run_sync
    return await get_async_backend().run_sync_in_worker_thread(
           ^^^^^^^^^^^^^^^^^^^^^^^^^^^^^^^^^^^^^^^^^^^^^^^^^^^^
  File "E:\agent专用\study-dashboard\backend\.venv\Lib\site-packages\anyio\_backends\_asyncio.py", line 2641, in run_sync_in_worker_thread
    return await future
           ^^^^^^^^^^^^
  File "E:\agent专用\study-dashboard\backend\.venv\Lib\site-packages\anyio\_backends\_asyncio.py", line 1033, in run
    result = context.run(func, *args)
             ^^^^^^^^^^^^^^^^^^^^^^^^
  File "E:\agent专用\study-dashboard\backend\app\routers\tasks.py", line 81, in list_tasks
    return db.scalars(statement.order_by(Task.created_at.desc())).all()
           ^^^^^^^^^^^^^^^^^^^^^^^^^^^^^^^^^^^^^^^^^^^^^^^^^^^^^^
  File "E:\agent专用\study-dashboard\backend\.venv\Lib\site-packages\sqlalchemy\orm\session.py", line 2481, in scalars
    return self._execute_internal(
           ^^^^^^^^^^^^^^^^^^^^^^^
  File "E:\agent专用\study-dashboard\backend\.venv\Lib\site-packages\sqlalchemy\orm\session.py", line 2271, in _execute_internal
    result: Result[Any] = compile_state_cls.orm_execute_statement(
                          ^^^^^^^^^^^^^^^^^^^^^^^^^^^^^^^^^^^^^^^^
  File "E:\agent专用\study-dashboard\backend\.venv\Lib\site-packages\sqlalchemy\orm\context.py", line 306, in orm_execute_statement
    result = conn.execute(
             ^^^^^^^^^^^^^
  File "E:\agent专用\study-dashboard\backend\.venv\Lib\site-packages\sqlalchemy\engine\base.py", line 1421, in execute
    return meth(
           ^^^^^
  File "E:\agent专用\study-dashboard\backend\.venv\Lib\site-packages\sqlalchemy\sql\elements.py", line 526, in _execute_on_connection
    return connection._execute_clauseelement(
           ^^^^^^^^^^^^^^^^^^^^^^^^^^^^^^^^^^
  File "E:\agent专用\study-dashboard\backend\.venv\Lib\site-packages\sqlalchemy\engine\base.py", line 1643, in _execute_clauseelement
    ret = self._execute_context(
          ^^^^^^^^^^^^^^^^^^^^^^
  File "E:\agent专用\study-dashboard\backend\.venv\Lib\site-packages\sqlalchemy\engine\base.py", line 1848, in _execute_context
    return self._exec_single_context(
           ^^^^^^^^^^^^^^^^^^^^^^^^^^
  File "E:\agent专用\study-dashboard\backend\.venv\Lib\site-packages\sqlalchemy\engine\base.py", line 1988, in _exec_single_context
    self._handle_dbapi_exception(
  File "E:\agent专用\study-dashboard\backend\.venv\Lib\site-packages\sqlalchemy\engine\base.py", line 2365, in _handle_dbapi_exception
    raise sqlalchemy_exception.with_traceback(exc_info[2]) from e
  File "E:\agent专用\study-dashboard\backend\.venv\Lib\site-packages\sqlalchemy\engine\base.py", line 1969, in _exec_single_context
    self.dialect.do_execute(
  File "E:\agent专用\study-dashboard\backend\.venv\Lib\site-packages\sqlalchemy\engine\default.py", line 952, in do_execute
    cursor.execute(statement, parameters)
sqlalchemy.exc.OperationalError: (sqlite3.OperationalError) no such column: tasks.habit_days
[SQL: SELECT tasks.id, tasks.user_id, tasks.plan_id, tasks.title, tasks.subject, tasks.estimated_minutes, tasks.status, tasks.is_habit, tasks.habit_frequency, tasks.habit_days, tasks.created_at, tasks.completed_at 
FROM tasks 
WHERE tasks.user_id = ? ORDER BY tasks.created_at DESC]
[parameters: (3,)]
(Background on this error at: https://sqlalche.me/e/20/e3q8)
INFO:     127.0.0.1:57614 - "GET /api/habits HTTP/1.1" 500 Internal Server Error
ERROR:    Exception in ASGI application
Traceback (most recent call last):
  File "E:\agent专用\study-dashboard\backend\.venv\Lib\site-packages\sqlalchemy\engine\base.py", line 1969, in _exec_single_context
    self.dialect.do_execute(
  File "E:\agent专用\study-dashboard\backend\.venv\Lib\site-packages\sqlalchemy\engine\default.py", line 952, in do_execute
    cursor.execute(statement, parameters)
sqlite3.OperationalError: no such column: tasks.habit_days

The above exception was the direct cause of the following exception:

Traceback (most recent call last):
  File "E:\agent专用\study-dashboard\backend\.venv\Lib\site-packages\uvicorn\protocols\http\httptools_impl.py", line 422, in run_asgi
    result = await app(  # type: ignore[func-returns-value]
             ^^^^^^^^^^^^^^^^^^^^^^^^^^^^^^^^^^^^^^^^^^^^^^
  File "E:\agent专用\study-dashboard\backend\.venv\Lib\site-packages\uvicorn\middleware\proxy_headers.py", line 63, in __call__
    return await self.app(scope, receive, send)
           ^^^^^^^^^^^^^^^^^^^^^^^^^^^^^^^^^^^^
  File "E:\agent专用\study-dashboard\backend\.venv\Lib\site-packages\fastapi\applications.py", line 1163, in __call__
    await super().__call__(scope, receive, send)
  File "E:\agent专用\study-dashboard\backend\.venv\Lib\site-packages\starlette\applications.py", line 96, in __call__
    await self.middleware_stack(scope, receive, send)
  File "E:\agent专用\study-dashboard\backend\.venv\Lib\site-packages\starlette\middleware\errors.py", line 186, in __call__
    raise exc
  File "E:\agent专用\study-dashboard\backend\.venv\Lib\site-packages\starlette\middleware\errors.py", line 164, in __call__
    await self.app(scope, receive, _send)
  File "E:\agent专用\study-dashboard\backend\.venv\Lib\site-packages\starlette\middleware\cors.py", line 88, in __call__
    await self.app(scope, receive, send)
  File "E:\agent专用\study-dashboard\backend\.venv\Lib\site-packages\starlette\middleware\exceptions.py", line 63, in __call__
    await wrap_app_handling_exceptions(self.app, conn)(scope, receive, send)
  File "E:\agent专用\study-dashboard\backend\.venv\Lib\site-packages\starlette\_exception_handler.py", line 53, in wrapped_app
    raise exc
  File "E:\agent专用\study-dashboard\backend\.venv\Lib\site-packages\starlette\_exception_handler.py", line 42, in wrapped_app
    await app(scope, receive, sender)
  File "E:\agent专用\study-dashboard\backend\.venv\Lib\site-packages\fastapi\middleware\asyncexitstack.py", line 18, in __call__
    await self.app(scope, receive, send)
  File "E:\agent专用\study-dashboard\backend\.venv\Lib\site-packages\starlette\routing.py", line 670, in __call__
    await self.middleware_stack(scope, receive, send)
  File "E:\agent专用\study-dashboard\backend\.venv\Lib\site-packages\fastapi\routing.py", line 2734, in app
    await route.handle(scope, receive, send)
  File "E:\agent专用\study-dashboard\backend\.venv\Lib\site-packages\fastapi\routing.py", line 1780, in handle
    await self.original_router.handle(scope, receive, send)
  File "E:\agent专用\study-dashboard\backend\.venv\Lib\site-packages\fastapi\routing.py", line 2789, in handle
    await included_router._handle_selected(scope, receive, send)
  File "E:\agent专用\study-dashboard\backend\.venv\Lib\site-packages\fastapi\routing.py", line 1800, in _handle_selected
    await original_route.handle(scope, receive, send)
  File "E:\agent专用\study-dashboard\backend\.venv\Lib\site-packages\fastapi\routing.py", line 1279, in handle
    await app(scope, receive, send)
  File "E:\agent专用\study-dashboard\backend\.venv\Lib\site-packages\fastapi\routing.py", line 158, in app
    await wrap_app_handling_exceptions(app, request)(scope, receive, send)
  File "E:\agent专用\study-dashboard\backend\.venv\Lib\site-packages\starlette\_exception_handler.py", line 53, in wrapped_app
    raise exc
  File "E:\agent专用\study-dashboard\backend\.venv\Lib\site-packages\starlette\_exception_handler.py", line 42, in wrapped_app
    await app(scope, receive, sender)
  File "E:\agent专用\study-dashboard\backend\.venv\Lib\site-packages\fastapi\routing.py", line 144, in app
    response = await f(request)
               ^^^^^^^^^^^^^^^^
  File "E:\agent专用\study-dashboard\backend\.venv\Lib\site-packages\fastapi\routing.py", line 706, in app
    raw_response = await run_endpoint_function(
                   ^^^^^^^^^^^^^^^^^^^^^^^^^^^^
  File "E:\agent专用\study-dashboard\backend\.venv\Lib\site-packages\fastapi\routing.py", line 354, in run_endpoint_function
    return await run_in_threadpool(dependant.call, **values)
           ^^^^^^^^^^^^^^^^^^^^^^^^^^^^^^^^^^^^^^^^^^^^^^^^^
  File "E:\agent专用\study-dashboard\backend\.venv\Lib\site-packages\starlette\concurrency.py", line 34, in run_in_threadpool
    return await anyio.to_thread.run_sync(func)
           ^^^^^^^^^^^^^^^^^^^^^^^^^^^^^^^^^^^^
  File "E:\agent专用\study-dashboard\backend\.venv\Lib\site-packages\anyio\to_thread.py", line 65, in run_sync
    return await get_async_backend().run_sync_in_worker_thread(
           ^^^^^^^^^^^^^^^^^^^^^^^^^^^^^^^^^^^^^^^^^^^^^^^^^^^^
  File "E:\agent专用\study-dashboard\backend\.venv\Lib\site-packages\anyio\_backends\_asyncio.py", line 2641, in run_sync_in_worker_thread
    return await future
           ^^^^^^^^^^^^
  File "E:\agent专用\study-dashboard\backend\.venv\Lib\site-packages\anyio\_backends\_asyncio.py", line 1033, in run
    result = context.run(func, *args)
             ^^^^^^^^^^^^^^^^^^^^^^^^
  File "E:\agent专用\study-dashboard\backend\app\routers\habits.py", line 85, in list_habits
    tasks = db.scalars(
            ^^^^^^^^^^^
  File "E:\agent专用\study-dashboard\backend\.venv\Lib\site-packages\sqlalchemy\orm\session.py", line 2481, in scalars
    return self._execute_internal(
           ^^^^^^^^^^^^^^^^^^^^^^^
  File "E:\agent专用\study-dashboard\backend\.venv\Lib\site-packages\sqlalchemy\orm\session.py", line 2271, in _execute_internal
    result: Result[Any] = compile_state_cls.orm_execute_statement(
                          ^^^^^^^^^^^^^^^^^^^^^^^^^^^^^^^^^^^^^^^^
  File "E:\agent专用\study-dashboard\backend\.venv\Lib\site-packages\sqlalchemy\orm\context.py", line 306, in orm_execute_statement
    result = conn.execute(
             ^^^^^^^^^^^^^
  File "E:\agent专用\study-dashboard\backend\.venv\Lib\site-packages\sqlalchemy\engine\base.py", line 1421, in execute
    return meth(
           ^^^^^
  File "E:\agent专用\study-dashboard\backend\.venv\Lib\site-packages\sqlalchemy\sql\elements.py", line 526, in _execute_on_connection
    return connection._execute_clauseelement(
           ^^^^^^^^^^^^^^^^^^^^^^^^^^^^^^^^^^
  File "E:\agent专用\study-dashboard\backend\.venv\Lib\site-packages\sqlalchemy\engine\base.py", line 1643, in _execute_clauseelement
    ret = self._execute_context(
          ^^^^^^^^^^^^^^^^^^^^^^
  File "E:\agent专用\study-dashboard\backend\.venv\Lib\site-packages\sqlalchemy\engine\base.py", line 1848, in _execute_context
    return self._exec_single_context(
           ^^^^^^^^^^^^^^^^^^^^^^^^^^
  File "E:\agent专用\study-dashboard\backend\.venv\Lib\site-packages\sqlalchemy\engine\base.py", line 1988, in _exec_single_context
    self._handle_dbapi_exception(
  File "E:\agent专用\study-dashboard\backend\.venv\Lib\site-packages\sqlalchemy\engine\base.py", line 2365, in _handle_dbapi_exception
    raise sqlalchemy_exception.with_traceback(exc_info[2]) from e
  File "E:\agent专用\study-dashboard\backend\.venv\Lib\site-packages\sqlalchemy\engine\base.py", line 1969, in _exec_single_context
    self.dialect.do_execute(
  File "E:\agent专用\study-dashboard\backend\.venv\Lib\site-packages\sqlalchemy\engine\default.py", line 952, in do_execute
    cursor.execute(statement, parameters)
sqlalchemy.exc.OperationalError: (sqlite3.OperationalError) no such column: tasks.habit_days
[SQL: SELECT tasks.id, tasks.user_id, tasks.plan_id, tasks.title, tasks.subject, tasks.estimated_minutes, tasks.status, tasks.is_habit, tasks.habit_frequency, tasks.habit_days, tasks.created_at, tasks.completed_at 
FROM tasks 
WHERE tasks.user_id = ? AND tasks.is_habit IS 1 ORDER BY tasks.created_at DESC]
[parameters: (3,)]
(Background on this error at: https://sqlalche.me/e/20/e3q8)
INFO:     127.0.0.1:54636 - "GET /api/health HTTP/1.1" 200 OK
INFO:     127.0.0.1:54636 - "GET /api/ai/config HTTP/1.1" 200 OK
INFO:     127.0.0.1:57518 - "GET /api/plan-templates HTTP/1.1" 200 OK
INFO:     127.0.0.1:57518 - "GET /api/plans HTTP/1.1" 200 OK
INFO:     127.0.0.1:57518 - "GET /api/tasks HTTP/1.1" 500 Internal Server Error
ERROR:    Exception in ASGI application
Traceback (most recent call last):
  File "E:\agent专用\study-dashboard\backend\.venv\Lib\site-packages\sqlalchemy\engine\base.py", line 1969, in _exec_single_context
    self.dialect.do_execute(
  File "E:\agent专用\study-dashboard\backend\.venv\Lib\site-packages\sqlalchemy\engine\default.py", line 952, in do_execute
    cursor.execute(statement, parameters)
sqlite3.OperationalError: no such column: tasks.habit_days

The above exception was the direct cause of the following exception:

Traceback (most recent call last):
  File "E:\agent专用\study-dashboard\backend\.venv\Lib\site-packages\uvicorn\protocols\http\httptools_impl.py", line 422, in run_asgi
    result = await app(  # type: ignore[func-returns-value]
             ^^^^^^^^^^^^^^^^^^^^^^^^^^^^^^^^^^^^^^^^^^^^^^
  File "E:\agent专用\study-dashboard\backend\.venv\Lib\site-packages\uvicorn\middleware\proxy_headers.py", line 63, in __call__
    return await self.app(scope, receive, send)
           ^^^^^^^^^^^^^^^^^^^^^^^^^^^^^^^^^^^^
  File "E:\agent专用\study-dashboard\backend\.venv\Lib\site-packages\fastapi\applications.py", line 1163, in __call__
    await super().__call__(scope, receive, send)
  File "E:\agent专用\study-dashboard\backend\.venv\Lib\site-packages\starlette\applications.py", line 96, in __call__
    await self.middleware_stack(scope, receive, send)
  File "E:\agent专用\study-dashboard\backend\.venv\Lib\site-packages\starlette\middleware\errors.py", line 186, in __call__
    raise exc
  File "E:\agent专用\study-dashboard\backend\.venv\Lib\site-packages\starlette\middleware\errors.py", line 164, in __call__
    await self.app(scope, receive, _send)
  File "E:\agent专用\study-dashboard\backend\.venv\Lib\site-packages\starlette\middleware\cors.py", line 88, in __call__
    await self.app(scope, receive, send)
  File "E:\agent专用\study-dashboard\backend\.venv\Lib\site-packages\starlette\middleware\exceptions.py", line 63, in __call__
    await wrap_app_handling_exceptions(self.app, conn)(scope, receive, send)
  File "E:\agent专用\study-dashboard\backend\.venv\Lib\site-packages\starlette\_exception_handler.py", line 53, in wrapped_app
    raise exc
  File "E:\agent专用\study-dashboard\backend\.venv\Lib\site-packages\starlette\_exception_handler.py", line 42, in wrapped_app
    await app(scope, receive, sender)
  File "E:\agent专用\study-dashboard\backend\.venv\Lib\site-packages\fastapi\middleware\asyncexitstack.py", line 18, in __call__
    await self.app(scope, receive, send)
  File "E:\agent专用\study-dashboard\backend\.venv\Lib\site-packages\starlette\routing.py", line 670, in __call__
    await self.middleware_stack(scope, receive, send)
  File "E:\agent专用\study-dashboard\backend\.venv\Lib\site-packages\fastapi\routing.py", line 2734, in app
    await route.handle(scope, receive, send)
  File "E:\agent专用\study-dashboard\backend\.venv\Lib\site-packages\fastapi\routing.py", line 1780, in handle
    await self.original_router.handle(scope, receive, send)
  File "E:\agent专用\study-dashboard\backend\.venv\Lib\site-packages\fastapi\routing.py", line 2789, in handle
    await included_router._handle_selected(scope, receive, send)
  File "E:\agent专用\study-dashboard\backend\.venv\Lib\site-packages\fastapi\routing.py", line 1800, in _handle_selected
    await original_route.handle(scope, receive, send)
  File "E:\agent专用\study-dashboard\backend\.venv\Lib\site-packages\fastapi\routing.py", line 1279, in handle
    await app(scope, receive, send)
  File "E:\agent专用\study-dashboard\backend\.venv\Lib\site-packages\fastapi\routing.py", line 158, in app
    await wrap_app_handling_exceptions(app, request)(scope, receive, send)
  File "E:\agent专用\study-dashboard\backend\.venv\Lib\site-packages\starlette\_exception_handler.py", line 53, in wrapped_app
    raise exc
  File "E:\agent专用\study-dashboard\backend\.venv\Lib\site-packages\starlette\_exception_handler.py", line 42, in wrapped_app
    await app(scope, receive, sender)
  File "E:\agent专用\study-dashboard\backend\.venv\Lib\site-packages\fastapi\routing.py", line 144, in app
    response = await f(request)
               ^^^^^^^^^^^^^^^^
  File "E:\agent专用\study-dashboard\backend\.venv\Lib\site-packages\fastapi\routing.py", line 706, in app
    raw_response = await run_endpoint_function(
                   ^^^^^^^^^^^^^^^^^^^^^^^^^^^^
  File "E:\agent专用\study-dashboard\backend\.venv\Lib\site-packages\fastapi\routing.py", line 354, in run_endpoint_function
    return await run_in_threadpool(dependant.call, **values)
           ^^^^^^^^^^^^^^^^^^^^^^^^^^^^^^^^^^^^^^^^^^^^^^^^^
  File "E:\agent专用\study-dashboard\backend\.venv\Lib\site-packages\starlette\concurrency.py", line 34, in run_in_threadpool
    return await anyio.to_thread.run_sync(func)
           ^^^^^^^^^^^^^^^^^^^^^^^^^^^^^^^^^^^^
  File "E:\agent专用\study-dashboard\backend\.venv\Lib\site-packages\anyio\to_thread.py", line 65, in run_sync
    return await get_async_backend().run_sync_in_worker_thread(
           ^^^^^^^^^^^^^^^^^^^^^^^^^^^^^^^^^^^^^^^^^^^^^^^^^^^^
  File "E:\agent专用\study-dashboard\backend\.venv\Lib\site-packages\anyio\_backends\_asyncio.py", line 2641, in run_sync_in_worker_thread
    return await future
           ^^^^^^^^^^^^
  File "E:\agent专用\study-dashboard\backend\.venv\Lib\site-packages\anyio\_backends\_asyncio.py", line 1033, in run
    result = context.run(func, *args)
             ^^^^^^^^^^^^^^^^^^^^^^^^
  File "E:\agent专用\study-dashboard\backend\app\routers\tasks.py", line 81, in list_tasks
    return db.scalars(statement.order_by(Task.created_at.desc())).all()
           ^^^^^^^^^^^^^^^^^^^^^^^^^^^^^^^^^^^^^^^^^^^^^^^^^^^^^^
  File "E:\agent专用\study-dashboard\backend\.venv\Lib\site-packages\sqlalchemy\orm\session.py", line 2481, in scalars
    return self._execute_internal(
           ^^^^^^^^^^^^^^^^^^^^^^^
  File "E:\agent专用\study-dashboard\backend\.venv\Lib\site-packages\sqlalchemy\orm\session.py", line 2271, in _execute_internal
    result: Result[Any] = compile_state_cls.orm_execute_statement(
                          ^^^^^^^^^^^^^^^^^^^^^^^^^^^^^^^^^^^^^^^^
  File "E:\agent专用\study-dashboard\backend\.venv\Lib\site-packages\sqlalchemy\orm\context.py", line 306, in orm_execute_statement
    result = conn.execute(
             ^^^^^^^^^^^^^
  File "E:\agent专用\study-dashboard\backend\.venv\Lib\site-packages\sqlalchemy\engine\base.py", line 1421, in execute
    return meth(
           ^^^^^
  File "E:\agent专用\study-dashboard\backend\.venv\Lib\site-packages\sqlalchemy\sql\elements.py", line 526, in _execute_on_connection
    return connection._execute_clauseelement(
           ^^^^^^^^^^^^^^^^^^^^^^^^^^^^^^^^^^
  File "E:\agent专用\study-dashboard\backend\.venv\Lib\site-packages\sqlalchemy\engine\base.py", line 1643, in _execute_clauseelement
    ret = self._execute_context(
          ^^^^^^^^^^^^^^^^^^^^^^
  File "E:\agent专用\study-dashboard\backend\.venv\Lib\site-packages\sqlalchemy\engine\base.py", line 1848, in _execute_context
    return self._exec_single_context(
           ^^^^^^^^^^^^^^^^^^^^^^^^^^
  File "E:\agent专用\study-dashboard\backend\.venv\Lib\site-packages\sqlalchemy\engine\base.py", line 1988, in _exec_single_context
    self._handle_dbapi_exception(
  File "E:\agent专用\study-dashboard\backend\.venv\Lib\site-packages\sqlalchemy\engine\base.py", line 2365, in _handle_dbapi_exception
    raise sqlalchemy_exception.with_traceback(exc_info[2]) from e
  File "E:\agent专用\study-dashboard\backend\.venv\Lib\site-packages\sqlalchemy\engine\base.py", line 1969, in _exec_single_context
    self.dialect.do_execute(
  File "E:\agent专用\study-dashboard\backend\.venv\Lib\site-packages\sqlalchemy\engine\default.py", line 952, in do_execute
    cursor.execute(statement, parameters)
sqlalchemy.exc.OperationalError: (sqlite3.OperationalError) no such column: tasks.habit_days
[SQL: SELECT tasks.id, tasks.user_id, tasks.plan_id, tasks.title, tasks.subject, tasks.estimated_minutes, tasks.status, tasks.is_habit, tasks.habit_frequency, tasks.habit_days, tasks.created_at, tasks.completed_at 
FROM tasks 
WHERE tasks.user_id = ? ORDER BY tasks.created_at DESC]
[parameters: (3,)]
(Background on this error at: https://sqlalche.me/e/20/e3q8)
INFO:     127.0.0.1:56920 - "GET /api/files?scope=mine HTTP/1.1" 200 OK
INFO:     127.0.0.1:63528 - "GET /api/health HTTP/1.1" 200 OK
INFO:     127.0.0.1:63528 - "GET /api/reviews?status=due HTTP/1.1" 200 OK
INFO:     127.0.0.1:62321 - "GET /api/stats/streak HTTP/1.1" 200 OK
INFO:     127.0.0.1:50466 - "GET /api/stats/heatmap?days=105 HTTP/1.1" 200 OK
INFO:     127.0.0.1:54637 - "GET /api/stats/trend?days=7 HTTP/1.1" 200 OK
INFO:     127.0.0.1:63528 - "GET /api/stats/today HTTP/1.1" 500 Internal Server Error
ERROR:    Exception in ASGI application
Traceback (most recent call last):
  File "E:\agent专用\study-dashboard\backend\.venv\Lib\site-packages\sqlalchemy\engine\base.py", line 1969, in _exec_single_context
    self.dialect.do_execute(
  File "E:\agent专用\study-dashboard\backend\.venv\Lib\site-packages\sqlalchemy\engine\default.py", line 952, in do_execute
    cursor.execute(statement, parameters)
sqlite3.OperationalError: no such column: tasks.habit_days

The above exception was the direct cause of the following exception:

Traceback (most recent call last):
  File "E:\agent专用\study-dashboard\backend\.venv\Lib\site-packages\uvicorn\protocols\http\httptools_impl.py", line 422, in run_asgi
    result = await app(  # type: ignore[func-returns-value]
             ^^^^^^^^^^^^^^^^^^^^^^^^^^^^^^^^^^^^^^^^^^^^^^
  File "E:\agent专用\study-dashboard\backend\.venv\Lib\site-packages\uvicorn\middleware\proxy_headers.py", line 63, in __call__
    return await self.app(scope, receive, send)
           ^^^^^^^^^^^^^^^^^^^^^^^^^^^^^^^^^^^^
  File "E:\agent专用\study-dashboard\backend\.venv\Lib\site-packages\fastapi\applications.py", line 1163, in __call__
    await super().__call__(scope, receive, send)
  File "E:\agent专用\study-dashboard\backend\.venv\Lib\site-packages\starlette\applications.py", line 96, in __call__
    await self.middleware_stack(scope, receive, send)
  File "E:\agent专用\study-dashboard\backend\.venv\Lib\site-packages\starlette\middleware\errors.py", line 186, in __call__
    raise exc
  File "E:\agent专用\study-dashboard\backend\.venv\Lib\site-packages\starlette\middleware\errors.py", line 164, in __call__
    await self.app(scope, receive, _send)
  File "E:\agent专用\study-dashboard\backend\.venv\Lib\site-packages\starlette\middleware\cors.py", line 88, in __call__
    await self.app(scope, receive, send)
  File "E:\agent专用\study-dashboard\backend\.venv\Lib\site-packages\starlette\middleware\exceptions.py", line 63, in __call__
    await wrap_app_handling_exceptions(self.app, conn)(scope, receive, send)
  File "E:\agent专用\study-dashboard\backend\.venv\Lib\site-packages\starlette\_exception_handler.py", line 53, in wrapped_app
    raise exc
  File "E:\agent专用\study-dashboard\backend\.venv\Lib\site-packages\starlette\_exception_handler.py", line 42, in wrapped_app
    await app(scope, receive, sender)
  File "E:\agent专用\study-dashboard\backend\.venv\Lib\site-packages\fastapi\middleware\asyncexitstack.py", line 18, in __call__
    await self.app(scope, receive, send)
  File "E:\agent专用\study-dashboard\backend\.venv\Lib\site-packages\starlette\routing.py", line 670, in __call__
    await self.middleware_stack(scope, receive, send)
  File "E:\agent专用\study-dashboard\backend\.venv\Lib\site-packages\fastapi\routing.py", line 2734, in app
    await route.handle(scope, receive, send)
  File "E:\agent专用\study-dashboard\backend\.venv\Lib\site-packages\fastapi\routing.py", line 1780, in handle
    await self.original_router.handle(scope, receive, send)
  File "E:\agent专用\study-dashboard\backend\.venv\Lib\site-packages\fastapi\routing.py", line 2789, in handle
    await included_router._handle_selected(scope, receive, send)
  File "E:\agent专用\study-dashboard\backend\.venv\Lib\site-packages\fastapi\routing.py", line 1800, in _handle_selected
    await original_route.handle(scope, receive, send)
  File "E:\agent专用\study-dashboard\backend\.venv\Lib\site-packages\fastapi\routing.py", line 1279, in handle
    await app(scope, receive, send)
  File "E:\agent专用\study-dashboard\backend\.venv\Lib\site-packages\fastapi\routing.py", line 158, in app
    await wrap_app_handling_exceptions(app, request)(scope, receive, send)
  File "E:\agent专用\study-dashboard\backend\.venv\Lib\site-packages\starlette\_exception_handler.py", line 53, in wrapped_app
    raise exc
  File "E:\agent专用\study-dashboard\backend\.venv\Lib\site-packages\starlette\_exception_handler.py", line 42, in wrapped_app
    await app(scope, receive, sender)
  File "E:\agent专用\study-dashboard\backend\.venv\Lib\site-packages\fastapi\routing.py", line 144, in app
    response = await f(request)
               ^^^^^^^^^^^^^^^^
  File "E:\agent专用\study-dashboard\backend\.venv\Lib\site-packages\fastapi\routing.py", line 706, in app
    raw_response = await run_endpoint_function(
                   ^^^^^^^^^^^^^^^^^^^^^^^^^^^^
  File "E:\agent专用\study-dashboard\backend\.venv\Lib\site-packages\fastapi\routing.py", line 354, in run_endpoint_function
    return await run_in_threadpool(dependant.call, **values)
           ^^^^^^^^^^^^^^^^^^^^^^^^^^^^^^^^^^^^^^^^^^^^^^^^^
  File "E:\agent专用\study-dashboard\backend\.venv\Lib\site-packages\starlette\concurrency.py", line 34, in run_in_threadpool
    return await anyio.to_thread.run_sync(func)
           ^^^^^^^^^^^^^^^^^^^^^^^^^^^^^^^^^^^^
  File "E:\agent专用\study-dashboard\backend\.venv\Lib\site-packages\anyio\to_thread.py", line 65, in run_sync
    return await get_async_backend().run_sync_in_worker_thread(
           ^^^^^^^^^^^^^^^^^^^^^^^^^^^^^^^^^^^^^^^^^^^^^^^^^^^^
  File "E:\agent专用\study-dashboard\backend\.venv\Lib\site-packages\anyio\_backends\_asyncio.py", line 2641, in run_sync_in_worker_thread
    return await future
           ^^^^^^^^^^^^
  File "E:\agent专用\study-dashboard\backend\.venv\Lib\site-packages\anyio\_backends\_asyncio.py", line 1033, in run
    result = context.run(func, *args)
             ^^^^^^^^^^^^^^^^^^^^^^^^
  File "E:\agent专用\study-dashboard\backend\app\routers\stats.py", line 36, in today_stats
    tasks_done = db.scalars(
                 ^^^^^^^^^^^
  File "E:\agent专用\study-dashboard\backend\.venv\Lib\site-packages\sqlalchemy\orm\session.py", line 2481, in scalars
    return self._execute_internal(
           ^^^^^^^^^^^^^^^^^^^^^^^
  File "E:\agent专用\study-dashboard\backend\.venv\Lib\site-packages\sqlalchemy\orm\session.py", line 2271, in _execute_internal
    result: Result[Any] = compile_state_cls.orm_execute_statement(
                          ^^^^^^^^^^^^^^^^^^^^^^^^^^^^^^^^^^^^^^^^
  File "E:\agent专用\study-dashboard\backend\.venv\Lib\site-packages\sqlalchemy\orm\context.py", line 306, in orm_execute_statement
    result = conn.execute(
             ^^^^^^^^^^^^^
  File "E:\agent专用\study-dashboard\backend\.venv\Lib\site-packages\sqlalchemy\engine\base.py", line 1421, in execute
    return meth(
           ^^^^^
  File "E:\agent专用\study-dashboard\backend\.venv\Lib\site-packages\sqlalchemy\sql\elements.py", line 526, in _execute_on_connection
    return connection._execute_clauseelement(
           ^^^^^^^^^^^^^^^^^^^^^^^^^^^^^^^^^^
  File "E:\agent专用\study-dashboard\backend\.venv\Lib\site-packages\sqlalchemy\engine\base.py", line 1643, in _execute_clauseelement
    ret = self._execute_context(
          ^^^^^^^^^^^^^^^^^^^^^^
  File "E:\agent专用\study-dashboard\backend\.venv\Lib\site-packages\sqlalchemy\engine\base.py", line 1848, in _execute_context
    return self._exec_single_context(
           ^^^^^^^^^^^^^^^^^^^^^^^^^^
  File "E:\agent专用\study-dashboard\backend\.venv\Lib\site-packages\sqlalchemy\engine\base.py", line 1988, in _exec_single_context
    self._handle_dbapi_exception(
  File "E:\agent专用\study-dashboard\backend\.venv\Lib\site-packages\sqlalchemy\engine\base.py", line 2365, in _handle_dbapi_exception
    raise sqlalchemy_exception.with_traceback(exc_info[2]) from e
  File "E:\agent专用\study-dashboard\backend\.venv\Lib\site-packages\sqlalchemy\engine\base.py", line 1969, in _exec_single_context
    self.dialect.do_execute(
  File "E:\agent专用\study-dashboard\backend\.venv\Lib\site-packages\sqlalchemy\engine\default.py", line 952, in do_execute
    cursor.execute(statement, parameters)
sqlalchemy.exc.OperationalError: (sqlite3.OperationalError) no such column: tasks.habit_days
[SQL: SELECT tasks.id, tasks.user_id, tasks.plan_id, tasks.title, tasks.subject, tasks.estimated_minutes, tasks.status, tasks.is_habit, tasks.habit_frequency, tasks.habit_days, tasks.created_at, tasks.completed_at 
FROM tasks 
WHERE tasks.user_id = ? AND tasks.status = ? AND tasks.completed_at >= ? AND tasks.completed_at <= ?]
[parameters: (3, 'done', '2026-08-19 00:00:00.000000', '2026-08-19 23:59:59.999999')]
(Background on this error at: https://sqlalche.me/e/20/e3q8)
INFO:     127.0.0.1:54637 - "GET /api/math/tree HTTP/1.1" 200 OK
INFO:     127.0.0.1:54637 - "GET /assets/AiSettingsView-BxqnHwiB.js HTTP/1.1" 200 OK
INFO:     127.0.0.1:54637 - "GET /api/ai/config HTTP/1.1" 200 OK
INFO:     127.0.0.1:54637 - "GET /assets/SettingsView-Crj4kmX3.js HTTP/1.1" 200 OK
INFO:     127.0.0.1:50466 - "GET /assets/SettingsView-D5dSZ7kQ.css HTTP/1.1" 200 OK
INFO:     127.0.0.1:54637 - "GET /api/plan-templates HTTP/1.1" 200 OK
INFO:     127.0.0.1:54637 - "GET /api/health HTTP/1.1" 200 OK
